id,image_path,description,category_title,civic_agency_title
1,http://mapunitygroups.com//uploads/tmp/1473912956-2259-2787/1473912810173.jpg,Never gets cleared,,
2,http://mapunitygroups.com//uploads/tmp/1473922493-2259-8202/1473922389394.jpg,"Gets cleared but comes back, This is mainly leaf litter",,
3,http://mapunitygroups.com//uploads/tmp/1473923287-2259-5532/1473923229296.jpg,Gets cleared but comes back,,
4,http://mapunitygroups.com//uploads/tmp/1473923763-2259-7165/1473923663747.jpg,"BBMP/ sweepers dump waste here, Gets cleared but comes back, This is mainly leaf litter",,
5,http://mapunitygroups.com//uploads/tmp/1473937576-2259-1125/1473937540829.jpg,"BBMP/ sweepers dump waste here, Gets cleared but comes back, BBMP auto/pushcart is parked here",,
6,http://mapunitygroups.com//uploads/tmp/1474003004-2259-7959/1474002934545.jpg,"BBMP/ sweepers dump waste here, Gets cleared but comes back, BBMP auto/pushcart is parked here",,
7,http://mapunitygroups.com//uploads/tmp/1474003420-2259-5655/1474003380257.jpg,"BBMP/ sweepers dump waste here, Gets cleared but comes back",,
8,http://mapunitygroups.com//uploads/tmp/1474003638-2259-2867/1474003593365.jpg,"BBMP/ sweepers dump waste here, Gets cleared but comes back, Garbage is burnt here regularly, This is a ward boundary area",,
9,http://mapunitygroups.com//uploads/tmp/1474003736-2259-9950/1474003703861.jpg,"BBMP/ sweepers dump waste here, Gets cleared but comes back",,
10,http://mapunitygroups.com//uploads/tmp/1474018689-2259-6074/1474018653602.jpg,,,
11,http://mapunitygroups.com//uploads/tmp/1471763234-2005-8209/IMG_20160821_123558.jpg,Gets cleared but comes back,,
12,http://mapunitygroups.com//uploads/tmp/1471872681-2005-9134/Untitled.png,BBMP/ sweepers dump waste here,,
13,http://mapunitygroups.com//uploads/tmp/1471872832-2005-3700/Untitled1.png,"Gets cleared daily but comes back, BBMP/ sweepers dump waste here, Garbage is burnt here regularly",,
14,http://mapunitygroups.com//uploads/tmp/1471873001-2005-1305/thumb_IMG_9750_1024.jpg,"Gets cleared daily but comes back, BBMP/ sweepers dump waste here, Garbage is burnt here regularly",,
15,http://mapunitygroups.com//uploads/tmp/1471873195-2005-3667/thumb_IMG_9744_1024.jpg,"BBMP/ sweepers dump waste here, Garbage is burnt here regularly, BBMP auto/pushcart is parked here",,
16,http://mapunitygroups.com//uploads/tmp/1471874444-2005-1986/Untitled.png,"Gets cleared daily but comes back, BBMP/ sweepers dump waste here, Garbage is burnt here regularly",,
17,http://mapunitygroups.com//uploads/tmp/1471874706-2005-5544/thumb_IMG_9747_1024.jpg,"Gets cleared daily but comes back, BBMP/ sweepers dump waste here",,
18,http://mapunitygroups.com//uploads/tmp/1471874861-2005-9404/thumb_IMG_9748_1024.jpg,"Gets cleared daily but comes back, It's a lorry transfer point, BBMP/ sweepers dump waste here, BBMP auto/pushcart is parked here",,
19,http://mapunitygroups.com//uploads/tmp/1471875055-2005-0299/thumb_IMG_9749_1024.jpg,Gets cleared daily but comes back,,
20,http://mapunitygroups.com//uploads/tmp/1471875196-2005-9413/thumb_IMG_9751_1024.jpg,"Gets cleared daily but comes back, BBMP/ sweepers dump waste here",,
21,http://mapunitygroups.com//uploads/tmp/1471875346-2005-7567/Untitled.png,"Gets cleared daily but comes back, BBMP/ sweepers dump waste here",,
22,http://mapunitygroups.com//uploads/tmp/1471875457-28941-1403/Untitled.png,Gets cleared daily but comes back,,
23,http://mapunitygroups.com//uploads/tmp/1471875614-2005-6895/Untitled.png,"Gets cleared daily but comes back, Garbage is burnt here regularly",,
24,http://mapunitygroups.com//uploads/tmp/1471875770-2005-2758/thumb_IMG_9755_1024.jpg,"Gets cleared daily but comes back, BBMP/ sweepers dump waste here, Garbage is burnt here regularly",,
25,http://mapunitygroups.com//uploads/tmp/1471875861-2005-3446/thumb_IMG_9756_1024.jpg,"Gets cleared daily but comes back, BBMP/ sweepers dump waste here",,
26,http://mapunitygroups.com//uploads/tmp/1471875953-2005-1592/thumb_IMG_9757_1024.jpg,"Gets cleared daily but comes back, BBMP/ sweepers dump waste here",,
27,http://mapunitygroups.com//uploads/tmp/1471876246-2005-5914/thumb_IMG_9758_1024.jpg,"Gets cleared daily but comes back, BBMP/ sweepers dump waste here",,
28,http://mapunitygroups.com//uploads/tmp/1471876408-2005-2360/thumb_IMG_9760_1024.jpg,"Gets cleared daily but comes back, BBMP/ sweepers dump waste here",,
29,http://mapunitygroups.com//uploads/tmp/1471876515-2005-2140/thumb_IMG_9761_1024.jpg,"Gets cleared daily but comes back, BBMP/ sweepers dump waste here",,
30,http://mapunitygroups.com//uploads/tmp/1471876591-2005-4410/thumb_IMG_9762_1024.jpg,Gets cleared daily but comes back,,
31,http://mapunitygroups.com//uploads/tmp/1471876716-2005-9522/thumb_IMG_9764_1024.jpg,Gets cleared daily but comes back,,
32,http://mapunitygroups.com//uploads/tmp/1471876784-2005-9622/thumb_IMG_9765_1024.jpg,"Gets cleared daily but comes back, BBMP/ sweepers dump waste here, Garbage is burnt here regularly",,
33,http://mapunitygroups.com//uploads/tmp/1471876860-2005-2778/thumb_IMG_9766_1024.jpg,"Gets cleared daily but comes back, BBMP/ sweepers dump waste here",,
34,http://mapunitygroups.com//uploads/tmp/1471927204-2005-4845/Image_of_the_blackspot.jpg,This Is A Ward Boundary Area,,
35,http://mapunitygroups.com//uploads/tmp/1471934826-2005-8116/IMG_20160807_073628.jpg,Gets cleared but comes back,,
36,http://mapunitygroups.com//uploads/tmp/1475770957-2676-9408/WhatsApp_Image_2016-10-06_at_9.13.47_PM.jpeg,This is cleared/fixed,,
37,http://mapunitygroups.com//uploads/tmp/1471935170-2005-4789/IMG_20160807_074033.jpg,Gets cleared but comes back,,
38,http://mapunitygroups.com//uploads/tmp/1471935361-2005-3586/IMG_20160807_074332.jpg,Gets cleared but comes back,,
39,http://mapunitygroups.com//uploads/tmp/1475770726-32115-2278/WhatsApp_Image_2016-10-06_at_9.14.42_PM.jpeg,This is cleared/fixed,,
40,http://mapunitygroups.com//uploads/tmp/1471960043-2005-5241/Screenshot_20160807-130156_2.png,Gets cleared but comes back,,
41,http://mapunitygroups.com//uploads/tmp/1471960248-2005-3517/IMG_20160807_162907.jpg,Gets cleared but comes back,,
42,http://mapunitygroups.com//uploads/tmp/1471960532-2005-3706/IMG_20160807_163240.jpg,"Gets cleared but comes back, BBMP auto/pushcart is parked here",,
43,http://mapunitygroups.com//uploads/tmp/1471960878-2005-8633/IMG_20160807_164828.jpg,Gets cleared but comes back,,
44,http://mapunitygroups.com//uploads/tmp/1471961180-2005-3890/IMG_20160807_170609.jpg,Gets cleared but comes back,,
45,http://mapunitygroups.com//uploads/tmp/1471962979-2005-7086/IMG_20160807_175947.jpg,Gets cleared but comes back,,
46,http://mapunitygroups.com//uploads/tmp/1471963176-2005-2354/Untitled.png,Gets cleared but comes back,,
47,http://mapunitygroups.com//uploads/tmp/1471963298-2005-8520/Untitled1.png,"Gets cleared but comes back, BBMP auto/pushcart is parked here",,
48,http://mapunitygroups.com//uploads/tmp/1471963489-2005-2632/IMG_20160809_074633399.jpg,Gets cleared but comes back,,
49,http://mapunitygroups.com//uploads/tmp/1475942492-8252-8410/BLANK.jpeg,"BBMP/ sweepers dump waste here, Garbage is burnt here regularly",,
50,http://mapunitygroups.com//uploads/tmp/1475942562-8252-4420/BLANK.jpeg,Gets cleared but comes back,,
51,http://mapunitygroups.com//uploads/tmp/1475942591-8252-7569/BLANK.jpeg,It's a lorry transfer point,,
52,http://mapunitygroups.com//uploads/tmp/1475942615-8252-7989/BLANK.jpeg,It's a lorry transfer point,,
53,http://mapunitygroups.com//uploads/tmp/1472703301-7372-2422/1472703188606.jpg,"BBMP/ sweepers dump waste here, Bin present, people still dump outside, BBMP auto/pushcart is parked here",,
54,http://mapunitygroups.com//uploads/tmp/1472703761-7372-6943/1472703704097.jpg,"It's a lorry transfer point, BBMP/ sweepers dump waste here, Bin present, people still dump outside, BBMP auto/pushcart is parked here",,
55,http://mapunitygroups.com//uploads/tmp/1472727619-7372-2495/1472727541027.jpg,Never gets cleared,,
56,http://mapunitygroups.com//uploads/tmp/1472729863-7372-2676/1472729821970.jpg,"BBMP/ sweepers dump waste here, Gets cleared but comes back",,
57,http://mapunitygroups.com//uploads/tmp/1472744137-7372-3314/1472744083383.jpg,Gets cleared but comes back,,
58,http://mapunitygroups.com//uploads/tmp/1472788469-7372-4981/Image_of_the_blackspot__.jpg,Gets Cleared Daily But Comes Back,,
59,http://mapunitygroups.com//uploads/tmp/1472793763-7372-0317/Image_of_the_blackspot__.jpg,Gets Cleared Daily But Comes Back,,
60,http://mapunitygroups.com//uploads/tmp/1472793952-7372-7867/Image_of_the_blackspot__.jpg,Gets Cleared Daily But Comes Back,,
61,http://mapunitygroups.com//uploads/tmp/1472794374-7372-0408/Image_of_the_blackspot__.jpg,Gets Cleared Daily But Comes Back,,
62,http://mapunitygroups.com//uploads/tmp/1472794376-7372-7994/Image_of_the_blackspot__.jpg,Gets Cleared Daily But Comes Back,,
63,http://mapunitygroups.com//uploads/tmp/1472794679-7372-1533/Image_of_the_blackspot__.jpg,Gets Cleared Daily But Comes Back,,
64,http://mapunitygroups.com//uploads/tmp/1472794808-7372-2835/Image_of_the_blackspot__.jpg,Gets Cleared Daily But Comes Back,,
65,http://mapunitygroups.com//uploads/tmp/1472794952-7372-4575/Image_of_the_blackspot__.jpg,Gets Cleared Daily But Comes Back,,
66,http://mapunitygroups.com//uploads/tmp/1472795084-7372-8925/Image_of_the_blackspot__.jpg,Gets Cleared Daily But Comes Back,,
67,http://mapunitygroups.com//uploads/tmp/1473146565-3718-5777/IMG_20160906_073727834.jpg,Gets cleared but comes back,,
68,http://mapunitygroups.com//uploads/tmp/1472795178-7372-3811/Image_of_the_blackspot__.jpg,Gets Cleared Daily But Comes Back,,
69,http://mapunitygroups.com//uploads/tmp/1472795401-7372-2954/Image_of_the_blackspot__.jpg,Gets Cleared Daily But Comes Back,,
70,http://mapunitygroups.com//uploads/tmp/1472795496-7372-9358/Image_of_the_blackspot__.jpg,Gets Cleared Daily But Comes Back,,
71,http://mapunitygroups.com//uploads/tmp/1472820773-7372-7513/mapunity_1472820768999,"BBMP/ sweepers dump waste here, This is mainly leaf litter",,
72,http://mapunitygroups.com//uploads/tmp/1472979418-7372-4709/1472979276357.jpg,"It's a lorry transfer point, BBMP/ sweepers dump waste here, Garbage is burnt here regularly, This is a ward boundary area, BBMP auto/pushcart is parked here",,
73,http://mapunitygroups.com//uploads/tmp/1472979673-7372-0612/1472979524312.jpg,"BBMP/ sweepers dump waste here, Gets cleared but comes back, Garbage is burnt here regularly",,
74,http://mapunitygroups.com//uploads/tmp/1472979852-7372-1666/1472979738601.jpg,"BBMP/ sweepers dump waste here, Gets cleared but comes back",,
75,http://mapunitygroups.com//uploads/tmp/1472980038-7372-7895/1472979918730.jpg,"It's a lorry transfer point, BBMP/ sweepers dump waste here, Gets cleared but comes back, BBMP auto/pushcart is parked here",,
76,http://mapunitygroups.com//uploads/tmp/1475911277-25182-6691/Image1.jpg,"BBMP/ sweepers dump waste here, Gets cleared but comes back, BBMP auto/pushcart is parked here",,
77,http://mapunitygroups.com//uploads/tmp/1475912351-8252-4295/Image2.jpg,"It's a lorry transfer point, BBMP/ sweepers dump waste here, Gets cleared but comes back, BBMP auto/pushcart is parked here",,
78,http://mapunitygroups.com//uploads/tmp/1473137292-3718-8296/1473137175241.jpg,"BBMP/ sweepers dump waste here, Gets cleared but comes back",,
79,http://mapunitygroups.com//uploads/tmp/1473137452-3718-5491/1473137354723.jpg,Gets cleared but comes back,,
80,http://mapunitygroups.com//uploads/tmp/1473137580-3718-8669/1473137500039.jpg,Gets cleared but comes back,,
81,http://mapunitygroups.com//uploads/tmp/1473137817-3718-5701/1473137666878.jpg,"BBMP/ sweepers dump waste here, Gets cleared but comes back, Garbage is burnt here regularly, Bin present, people still dump outside, This is a ward boundary area",,
82,http://mapunitygroups.com//uploads/tmp/1473137971-3718-8534/1473137921204.jpg,"Gets cleared but comes back, This is a ward boundary area",,
83,http://mapunitygroups.com//uploads/tmp/1473138110-3718-9537/1473138043465.jpg,"Gets cleared but comes back, This is a ward boundary area",,
84,http://mapunitygroups.com//uploads/tmp/1473138204-3718-7947/1473138149969.jpg,"Gets cleared but comes back, This is a ward boundary area",,
85,http://mapunitygroups.com//uploads/tmp/1473138323-3718-0390/1473138260313.jpg,"Gets cleared but comes back, This is a ward boundary area",,
86,http://mapunitygroups.com//uploads/tmp/1473138455-526-2246/1473138400345.jpg,"Gets cleared but comes back, This is a ward boundary area",,
87,http://mapunitygroups.com//uploads/tmp/1473138568-3718-7623/1473138515009.jpg,"Gets cleared but comes back, This is a ward boundary area",,
88,http://mapunitygroups.com//uploads/tmp/1473138674-3718-4989/1473138608889.jpg,"Gets cleared but comes back, Garbage is burnt here regularly, This is a ward boundary area",,
89,http://mapunitygroups.com//uploads/tmp/1473138778-3718-8135/1473138720217.jpg,"Gets cleared but comes back, This is a ward boundary area",,
90,http://mapunitygroups.com//uploads/tmp/1473140035-3718-3245/1473139967395.jpg,Gets cleared but comes back,,
91,http://mapunitygroups.com//uploads/tmp/1473140157-3718-7272/1473140101426.jpg,Gets cleared but comes back,,
92,http://mapunitygroups.com//uploads/tmp/1473140268-3718-1249/1473140217651.jpg,Gets cleared but comes back,,
93,http://mapunitygroups.com//uploads/tmp/1473140521-2651-5408/1473140454089.jpg,Gets cleared but comes back,,
94,http://mapunitygroups.com//uploads/tmp/1473140614-3718-8513/1473140554332.jpg,Gets cleared but comes back,,
95,http://mapunitygroups.com//uploads/tmp/1473140735-3718-9727/1473140667350.jpg,Gets cleared but comes back,,
96,http://mapunitygroups.com//uploads/tmp/1473140846-3718-9709/1473140782783.jpg,Gets cleared but comes back,,
97,http://mapunitygroups.com//uploads/tmp/1473146443-3718-1439/IMG_20160906_074603455.jpg,Gets cleared but comes back,,
98,http://mapunitygroups.com//uploads/tmp/1473141146-3718-0509/1473141070426.jpg,Gets cleared but comes back,,
99,http://mapunitygroups.com//uploads/tmp/1473141274-3718-4670/1473141213294.jpg,"BBMP/ sweepers dump waste here, Gets cleared but comes back",,
100,http://mapunitygroups.com//uploads/tmp/1473141816-3718-8532/1473141768990.jpg,Gets cleared but comes back,,
101,http://mapunitygroups.com//uploads/tmp/1473141920-3718-5933/1473141876136.jpg,Gets cleared but comes back,,
102,http://mapunitygroups.com//uploads/tmp/1473142008-3718-1966/1473141972491.jpg,Gets cleared but comes back,,
103,http://mapunitygroups.com//uploads/tmp/1473142107-3718-1861/1473142072308.jpg,Gets cleared but comes back,,
104,http://mapunitygroups.com//uploads/tmp/1473142178-3718-4782/1473142146382.jpg,Gets cleared but comes back,,
105,http://mapunitygroups.com//uploads/tmp/1473142267-3718-7934/1473142232643.jpg,Gets cleared but comes back,,
106,http://mapunitygroups.com//uploads/tmp/1473142363-3718-0384/1473142333610.jpg,This is mainly leaf litter,,
107,http://mapunitygroups.com//uploads/tmp/1473142444-3718-1272/1473142404647.jpg,Gets cleared but comes back,,
108,http://mapunitygroups.com//uploads/tmp/1473142513-3718-6273/1473142479812.jpg,Gets cleared but comes back,,
109,http://mapunitygroups.com//uploads/tmp/1473148635-3718-1781/1473148578507.jpg,"Gets cleared but comes back, This is a ward boundary area",,
110,http://mapunitygroups.com//uploads/tmp/1473148771-3718-6576/1473148686217.jpg,"Gets cleared but comes back, This is a ward boundary area",,
111,http://mapunitygroups.com//uploads/tmp/1473148842-3718-8163/1473148801178.jpg,"Gets cleared but comes back, This is a ward boundary area",,
112,http://mapunitygroups.com//uploads/tmp/1473148940-10644-1075/1473148896769.jpg,"Gets cleared but comes back, This is a ward boundary area",,
113,http://mapunitygroups.com//uploads/tmp/1473149043-3718-0808/1473148995639.jpg,"Gets cleared but comes back, This is a ward boundary area",,
114,http://mapunitygroups.com//uploads/tmp/1473149137-3718-2996/1473149088553.jpg,"Gets cleared but comes back, This is a ward boundary area",,
115,http://mapunitygroups.com//uploads/tmp/1473149226-10644-2241/1473149174310.jpg,"Gets cleared but comes back, This is a ward boundary area, BBMP auto/pushcart is parked here",,
116,http://mapunitygroups.com//uploads/tmp/1473228472-3718-2594/1473228376664.jpg,"It's a lorry transfer point, BBMP/ sweepers dump waste here, Gets cleared but comes back, Garbage is burnt here regularly",,
117,http://mapunitygroups.com//uploads/tmp/1473228586-3718-7191/1473228514034.jpg,Gets cleared but comes back,,
118,http://mapunitygroups.com//uploads/tmp/1473228703-3718-5467/1473228631583.jpg,"Gets cleared but comes back, This is mainly leaf litter",,
119,http://mapunitygroups.com//uploads/tmp/1473228816-3718-3434/1473228732519.jpg,BBMP/ sweepers dump waste here,,
120,http://mapunitygroups.com//uploads/tmp/1473228906-3718-5651/1473228844238.jpg,Gets cleared but comes back,,
121,http://mapunitygroups.com//uploads/tmp/1473229049-3718-9257/1473228947313.jpg,Gets cleared but comes back,,
122,http://mapunitygroups.com//uploads/tmp/1473229492-3718-9775/1473229435154.jpg,Gets cleared but comes back,,
123,http://mapunitygroups.com//uploads/tmp/1473229555-3718-0873/1473229509207.jpg,Gets cleared but comes back,,
124,http://mapunitygroups.com//uploads/tmp/1473229617-3718-3994/1473229573903.jpg,"Gets cleared but comes back, BBMP auto/pushcart is parked here",,
125,http://mapunitygroups.com//uploads/tmp/1473229717-3718-4126/1473229661495.jpg,Gets cleared but comes back,,
126,http://mapunitygroups.com//uploads/tmp/1473229939-3718-8141/1473229877365.jpg,Gets cleared but comes back,,
127,http://mapunitygroups.com//uploads/tmp/1473230051-3718-2766/1473230000352.jpg,Gets cleared but comes back,,
128,http://mapunitygroups.com//uploads/tmp/1473231324-3718-3096/1473231243416.jpg,Gets cleared but comes back,,
129,http://mapunitygroups.com//uploads/tmp/1473231380-3718-0289/1473231338292.jpg,Never gets cleared,,
130,http://mapunitygroups.com//uploads/tmp/1473231497-3718-3786/1473231451610.jpg,Gets cleared but comes back,,
131,http://mapunitygroups.com//uploads/tmp/1473231571-3718-9784/1473231523074.jpg,Gets cleared but comes back,,
132,http://mapunitygroups.com//uploads/tmp/1473231636-3718-3419/1473231591347.jpg,Gets cleared but comes back,,
133,http://mapunitygroups.com//uploads/tmp/1473231960-3718-8841/1473231915569.jpg,Gets cleared but comes back,,
134,http://mapunitygroups.com//uploads/tmp/1473232099-3718-1336/1473232041354.jpg,Gets cleared but comes back,,
135,http://mapunitygroups.com//uploads/tmp/1473232170-3718-9337/1473232116897.jpg,Gets cleared but comes back,,
136,http://mapunitygroups.com//uploads/tmp/1473232272-3718-5030/1473232209451.jpg,Gets cleared but comes back,,
137,http://mapunitygroups.com//uploads/tmp/1473232375-3718-5464/1473232311839.jpg,"It's a lorry transfer point, BBMP/ sweepers dump waste here, Gets cleared but comes back, Garbage is burnt here regularly, BBMP auto/pushcart is parked here",,
138,http://mapunitygroups.com//uploads/tmp/1473232484-3718-9943/1473232410021.jpg,Gets cleared but comes back,,
139,http://mapunitygroups.com//uploads/tmp/1473232618-3718-0270/1473232564195.jpg,"Gets cleared but comes back, Garbage is burnt here regularly",,
140,http://mapunitygroups.com//uploads/tmp/1473232848-3718-7833/1473232786054.jpg,Gets cleared but comes back,,
141,http://mapunitygroups.com//uploads/tmp/1473233812-3718-1753/1473233731474.jpg,"BBMP/ sweepers dump waste here, Gets cleared but comes back, Garbage is burnt here regularly, This is a ward boundary area",,
142,http://mapunitygroups.com//uploads/tmp/1473233910-3718-2506/1473233850860.jpg,"BBMP/ sweepers dump waste here, Gets cleared but comes back, BBMP auto/pushcart is parked here",,
143,http://mapunitygroups.com//uploads/tmp/1473234011-629-0400/1473233971685.jpg,Gets cleared but comes back,,
144,http://mapunitygroups.com//uploads/tmp/1473234116-3718-5810/1473234065328.jpg,Gets cleared but comes back,,
145,http://mapunitygroups.com//uploads/tmp/1473234242-3718-7567/1473234179387.jpg,This is mainly leaf litter,,
146,http://mapunitygroups.com//uploads/tmp/1473234333-3718-2618/1473234280557.jpg,"BBMP/ sweepers dump waste here, Gets cleared but comes back",,
147,http://mapunitygroups.com//uploads/tmp/1473234451-3718-1574/1473234408225.jpg,"Gets cleared but comes back, This is a ward boundary area",,
148,http://mapunitygroups.com//uploads/tmp/1473234530-3718-0888/1473234484325.jpg,Gets cleared but comes back,,
149,http://mapunitygroups.com//uploads/tmp/1473234665-3718-1239/1473234592522.jpg,Gets cleared but comes back,,
150,http://mapunitygroups.com//uploads/tmp/1473234805-3718-9991/1473234762103.jpg,Gets cleared but comes back,,
151,http://mapunitygroups.com//uploads/tmp/1473234871-3718-7496/1473234820513.jpg,"Gets cleared but comes back, BBMP auto/pushcart is parked here",,
152,http://mapunitygroups.com//uploads/tmp/1473234955-3718-7805/1473234910999.jpg,Gets cleared but comes back,,
153,http://mapunitygroups.com//uploads/tmp/1473235057-3718-4926/1473234986387.jpg,Gets cleared but comes back,,
154,http://mapunitygroups.com//uploads/tmp/1473314398-20182-7549/1473314318004.jpg,"Gets cleared but comes back, This is mainly leaf litter",,
155,http://mapunitygroups.com//uploads/tmp/1475769705-8012-2289/28678905-a2bf-44aa-8132-d760fb8f697c.jpg,Gets cleared but comes back,,
156,http://mapunitygroups.com//uploads/tmp/1475916212-29591-5048/BLANK.jpeg,Gets cleared but comes back,,
157,http://mapunitygroups.com//uploads/tmp/1475916262-8252-5214/BLANK.jpeg,"Gets cleared but comes back, Bin present, people still dump outside",,
158,http://mapunitygroups.com//uploads/tmp/1473312726-2556-6525/1473312636063.jpg,Garbage is burnt here regularly,,
159,http://mapunitygroups.com//uploads/tmp/1473312850-20182-2295/1473312799331.jpg,"BBMP/ sweepers dump waste here, Gets cleared but comes back",,
160,http://mapunitygroups.com//uploads/tmp/1473313003-20182-8100/1473312948675.jpg,"BBMP/ sweepers dump waste here, Garbage is burnt here regularly, This is a ward boundary area",,
161,http://mapunitygroups.com//uploads/tmp/1473318162-6894-8281/1473317994286.jpg,"Garbage is burnt here regularly, This is a ward boundary area",,
162,http://mapunitygroups.com//uploads/tmp/1473336791-6894-9574/1473336714628.jpg,"BBMP/ sweepers dump waste here, Garbage is burnt here regularly, This is a ward boundary area",,
163,http://mapunitygroups.com//uploads/tmp/1473336948-23725-0550/1473336891122.jpg,This is a ward boundary area,,
164,http://mapunitygroups.com//uploads/tmp/1473337060-6894-0676/1473337019289.jpg,"BBMP/ sweepers dump waste here, Gets cleared but comes back",,
165,http://mapunitygroups.com//uploads/tmp/1473348006-700-7882/1473347922231.jpg,"BBMP/ sweepers dump waste here, Gets cleared but comes back",,
166,http://mapunitygroups.com//uploads/tmp/1473348105-700-6916/1473348029831.jpg,"BBMP/ sweepers dump waste here, Gets cleared but comes back, This is mainly leaf litter",,
167,http://mapunitygroups.com//uploads/tmp/1473348290-700-4625/1473348226393.jpg,Gets cleared but comes back,,
168,http://mapunitygroups.com//uploads/tmp/1473348431-700-3136/1473348373091.jpg,Gets cleared but comes back,,
169,http://mapunitygroups.com//uploads/tmp/1473406041-700-1794/BTMphoto.jpg,Gets cleared but comes back,,
170,http://mapunitygroups.com//uploads/tmp/1473388733-700-8249/1473388613807.jpg,"BBMP/ sweepers dump waste here, Gets cleared but comes back",,
171,http://mapunitygroups.com//uploads/tmp/1473388879-700-2705/1473388803009.jpg,"It's a lorry transfer point, BBMP/ sweepers dump waste here, Gets cleared but comes back, BBMP auto/pushcart is parked here",,
172,http://mapunitygroups.com//uploads/tmp/1473418070-700-8392/mapunity_1473417929459,Gets cleared but comes back,,
173,http://mapunitygroups.com//uploads/tmp/1473420301-700-8691/IMG_20160908_064235549_HDR.jpg,"Gets cleared but comes back, This is a ward boundary area",,
174,http://mapunitygroups.com//uploads/tmp/1473420716-700-5129/Untitled.png,This is a ward boundary area,,
175,http://mapunitygroups.com//uploads/tmp/1473420945-1644-5767/IMG_20160908_064535711.jpg,"It's a lorry transfer point, This is a ward boundary area, BBMP auto/pushcart is parked here",,
176,http://mapunitygroups.com//uploads/tmp/1473421750-700-9716/IMG_20160908_065727951_HDR.jpg,"Gets cleared but comes back, This is a ward boundary area",,
177,http://mapunitygroups.com//uploads/tmp/1473421913-700-9922/IMG_20160908_065805468.jpg,"Gets cleared but comes back, This is a ward boundary area",,
178,http://mapunitygroups.com//uploads/tmp/1473422162-700-5179/IMG_20160908_070137827.jpg,"BBMP/ sweepers dump waste here, Gets cleared but comes back",,
179,http://mapunitygroups.com//uploads/tmp/1473422291-700-9215/IMG_20160908_065851526.jpg,"Gets cleared but comes back, This is a ward boundary area",,
180,http://mapunitygroups.com//uploads/tmp/1473423501-700-5275/IMG_20160908_070757528.jpg,"Gets cleared but comes back, BBMP auto/pushcart is parked here",,
181,http://mapunitygroups.com//uploads/tmp/1473423663-700-7045/IMG_20160908_070920440.jpg,Gets cleared but comes back,,
182,http://mapunitygroups.com//uploads/tmp/1473423825-700-1704/IMG_20160908_073445293.jpg,"Gets cleared but comes back, BBMP auto/pushcart is parked here",,
183,http://mapunitygroups.com//uploads/tmp/1473435839-700-1740/1473435797892.jpg,"BBMP/ sweepers dump waste here, Gets cleared but comes back",,
184,http://mapunitygroups.com//uploads/tmp/1475918683-8252-5021/Image3.jpg,"BBMP/ sweepers dump waste here, Garbage is burnt here regularly",,
185,http://mapunitygroups.com//uploads/tmp/1473479893-700-4434/mapunity_1473479841774,Gets cleared but comes back,,
186,http://mapunitygroups.com//uploads/tmp/1473480105-700-9436/1473480052828.jpg,"BBMP/ sweepers dump waste here, Gets cleared but comes back",,
187,http://mapunitygroups.com//uploads/tmp/1473493789-700-2074/1473493657155.jpg,Garbage is burnt here regularly,,
188,http://mapunitygroups.com//uploads/tmp/1473495301-700-9021/1473495221774.jpg,"It's a lorry transfer point, BBMP/ sweepers dump waste here, Gets cleared but comes back, Garbage is burnt here regularly, This is a ward boundary area",,
189,http://mapunitygroups.com//uploads/tmp/1473496088-700-1777/CpkceRbUAAAd9EH.jpg,"BBMP/ sweepers dump waste here, Gets cleared but comes back, Garbage is burnt here regularly",,
190,http://mapunitygroups.com//uploads/tmp/1473503411-700-7638/1473503333455.jpg,"Gets cleared but comes back, This is a ward boundary area",,
191,http://mapunitygroups.com//uploads/tmp/1473560675-2259-4644/IMG_20160911_074922.jpg,"BBMP/ sweepers dump waste here, Gets cleared but comes back",,
192,http://mapunitygroups.com//uploads/tmp/1473560952-2259-3891/mapunity_1473560852440,"BBMP/ sweepers dump waste here, Gets cleared but comes back",,
193,http://mapunitygroups.com//uploads/tmp/1473599218-2259-6216/mapunity_1473599205172,"Gets cleared but comes back, Garbage is burnt here regularly",,
194,http://mapunitygroups.com//uploads/tmp/1473601156-2259-0656/Image_of_the_blackspot__.jpg,"Bbmp/ Sweepers Dump Waste Here, Gets Cleared But Comes Back, Garbage Is Burnt Here Regularly",,
195,http://mapunitygroups.com//uploads/tmp/1473601302-2259-9017/Image_of_the_blackspot__.jpg,Gets Cleared But Comes Back,,
196,http://mapunitygroups.com//uploads/tmp/1473601623-2259-0646/Image_of_the_blackspot__.jpg,"It's A Lorry Transfer Point, Bbmp/ Sweepers Dump Waste Here, This Is A Ward Boundary Area, Bbmp Auto/Pushcart Is Parked Here",,
197,http://mapunitygroups.com//uploads/tmp/1473601910-2259-2825/Image_of_the_blackspot__.jpg,"Gets Cleared But Comes Back, This Is A Ward Boundary Area",,
198,http://mapunitygroups.com//uploads/tmp/1473602102-2259-5791/Image_of_the_blackspot__.jpg,Gets Cleared But Comes Back,,
199,http://mapunitygroups.com//uploads/tmp/1473602215-2259-1667/Image_of_the_blackspot__.jpg,Gets Cleared But Comes Back,,
200,http://mapunitygroups.com//uploads/tmp/1473602317-2259-8086/Image_of_the_blackspot__.jpg,"Bbmp/ Sweepers Dump Waste Here, Gets Cleared But Comes Back, Bbmp Auto/Pushcart Is Parked Here",,
201,http://mapunitygroups.com//uploads/tmp/1473602707-2259-3180/Image_of_the_blackspot__.jpg,"Gets Cleared But Comes Back, This Is A Ward Boundary Area",,
202,http://mapunitygroups.com//uploads/tmp/1473602870-2259-3714/Image_of_the_blackspot__.jpg,"Gets Cleared But Comes Back, This Is A Ward Boundary Area",,
203,http://mapunitygroups.com//uploads/tmp/1473603001-2259-6001/Image_of_the_blackspot__.jpg,Gets Cleared But Comes Back,,
204,http://mapunitygroups.com//uploads/tmp/1473603137-2259-3577/Image_of_the_blackspot__.jpg,"Gets Cleared But Comes Back, This Is A Ward Boundary Area",,
205,http://mapunitygroups.com//uploads/tmp/1473603368-2259-6708/Image_of_the_blackspot__.jpg,Gets Cleared But Comes Back,,
206,http://mapunitygroups.com//uploads/tmp/1473604366-2259-9408/Image_of_the_blackspot__.jpg,"Gets Cleared But Comes Back, This Is A Ward Boundary Area",,
207,http://mapunitygroups.com//uploads/tmp/1473604521-2259-0265/Image_of_the_blackspot__.jpg,"Gets Cleared But Comes Back, This Is A Ward Boundary Area",,
208,http://mapunitygroups.com//uploads/tmp/1473604749-2259-8004/Image_of_the_blackspot__.jpg,Gets Cleared But Comes Back,,
209,http://mapunitygroups.com//uploads/tmp/1473604960-2259-6125/Image_of_the_blackspot__.jpg,Gets Cleared But Comes Back,,
210,http://mapunitygroups.com//uploads/tmp/1473605176-2259-9819/Image_of_the_blackspot__.jpg,"Gets Cleared But Comes Back, This Is A Ward Boundary Area",,
211,http://mapunitygroups.com//uploads/tmp/1473605370-2259-0253/Image_of_the_blackspot__.jpg,"Gets Cleared But Comes Back, This Is A Ward Boundary Area",,
212,http://mapunitygroups.com//uploads/tmp/1473606072-2259-9636/Image_of_the_blackspot__.jpg,Gets Cleared But Comes Back,,
213,http://mapunitygroups.com//uploads/tmp/1473606167-2259-1994/Image_of_the_blackspot__.jpg,Gets Cleared But Comes Back,,
214,http://mapunitygroups.com//uploads/tmp/1473606256-2259-9571/Image_of_the_blackspot__.jpg,Gets Cleared But Comes Back,,
215,http://mapunitygroups.com//uploads/tmp/1473606359-2259-9237/Image_of_the_blackspot__.jpg,Gets Cleared But Comes Back,,
216,http://mapunitygroups.com//uploads/tmp/1473606479-2259-7410/Image_of_the_blackspot__.jpg,Gets Cleared But Comes Back,,
217,http://mapunitygroups.com//uploads/tmp/1473606613-2259-5319/Image_of_the_blackspot__.jpg,"Gets Cleared But Comes Back, This Is A Ward Boundary Area",,
218,http://mapunitygroups.com//uploads/tmp/1473638087-2259-9869/Image_of_the_blackspot__.jpg,Gets Cleared But Comes Back,,
219,http://mapunitygroups.com//uploads/tmp/1473638262-2259-1210/Image_of_the_blackspot__.jpg,Gets Cleared But Comes Back,,
220,http://mapunitygroups.com//uploads/tmp/1473638423-2259-2402/Image_of_the_blackspot__.jpg,"Gets Cleared But Comes Back, This Is A Ward Boundary Area",,
221,http://mapunitygroups.com//uploads/tmp/1473638580-2259-1589/Image_of_the_blackspot__.jpg,"Gets Cleared But Comes Back, This Is A Ward Boundary Area",,
222,http://mapunitygroups.com//uploads/tmp/1473638702-2259-1120/Image_of_the_blackspot__.jpg,"Gets Cleared But Comes Back, This Is A Ward Boundary Area",,
223,http://mapunitygroups.com//uploads/tmp/1473639058-2259-6238/Image_of_the_blackspot__.jpg,"Gets Cleared But Comes Back, This Is A Ward Boundary Area",,
224,http://mapunitygroups.com//uploads/tmp/1473639176-2259-0346/Image_of_the_blackspot__.jpg,Gets Cleared But Comes Back,,
225,http://mapunitygroups.com//uploads/tmp/1473639400-2259-7089/Image_of_the_blackspot__.jpg,This Is A Ward Boundary Area,,
226,http://mapunitygroups.com//uploads/tmp/1473639562-2259-6268/Image_of_the_blackspot__.jpg,This Is A Ward Boundary Area,,
227,http://mapunitygroups.com//uploads/tmp/1473640049-2259-1937/Image_of_the_blackspot__.jpg,"Garbage Is Burnt Here Regularly, Gets Cleared But Comes Back, This Is A Ward Boundary Area",,
228,http://mapunitygroups.com//uploads/tmp/1473640162-2259-9070/Image_of_the_blackspot__.jpg,"Gets Cleared But Comes Back, This Is A Ward Boundary Area",,
229,http://mapunitygroups.com//uploads/tmp/1473640324-2259-1418/Image_of_the_blackspot__.jpg,"Gets Cleared But Comes Back, This Is A Ward Boundary Area",,
230,http://mapunitygroups.com//uploads/tmp/1473640512-2259-9328/Image_of_the_blackspot__.jpg,This Is A Ward Boundary Area,,
231,http://mapunitygroups.com//uploads/tmp/1473640587-2259-6982/Image_of_the_blackspot__.jpg,Gets Cleared But Comes Back,,
232,http://mapunitygroups.com//uploads/tmp/1473640645-2259-4879/Image_of_the_blackspot__.jpg,Gets Cleared But Comes Back,,
233,http://mapunitygroups.com//uploads/tmp/1473640789-2259-2784/Image_of_the_blackspot__.jpg,"Gets Cleared But Comes Back, Bbmp/ Sweepers Dump Waste Here",,
234,http://mapunitygroups.com//uploads/tmp/1473640959-2259-5508/Image_of_the_blackspot__.jpg,Gets cleared but comes back,,
235,http://mapunitygroups.com//uploads/tmp/1473641123-2259-1232/Image_of_the_blackspot__.jpg,Gets Cleared But Comes Back,,
236,http://mapunitygroups.com//uploads/tmp/1473642340-2259-8833/mapunity_1473642337756,"Gets cleared but comes back, Garbage is burnt here regularly",,
237,http://mapunitygroups.com//uploads/tmp/1473673724-2259-5797/Image_of_the_blackspot__.jpg,Gets Cleared But Comes Back,,
238,http://mapunitygroups.com//uploads/tmp/1473673862-2259-5167/Image_of_the_blackspot__.jpg,"Gets Cleared But Comes Back, Bbmp/ Sweepers Dump Waste Here, This Is A Ward Boundary Area, Bbmp Auto/Pushcart Is Parked Here",,
239,http://mapunitygroups.com//uploads/tmp/1473674079-2259-3429/Image_of_the_blackspot__.jpg,"Bbmp/ Sweepers Dump Waste Here, Gets Cleared But Comes Back, Garbage Is Burnt Here Regularly, This Is A Ward Boundary Area, Bbmp Auto/Pushcart Is Parked Here",,
240,http://mapunitygroups.com//uploads/tmp/1473674145-2259-6609/Image_of_the_blackspot__.jpg,"Bbmp/ Sweepers Dump Waste Here, Gets Cleared But Comes Back, This Is A Ward Boundary Area",,
241,http://mapunitygroups.com//uploads/tmp/1473674252-2259-4088/Image_of_the_blackspot__.jpg,Gets Cleared But Comes Back,,
242,http://mapunitygroups.com//uploads/tmp/1473674331-2259-6646/Image_of_the_blackspot__.jpg,Gets Cleared But Comes Back,,
243,http://mapunitygroups.com//uploads/tmp/1473674444-2259-6442/Image_of_the_blackspot__.jpg,Gets Cleared But Comes Back,,
244,http://mapunitygroups.com//uploads/tmp/1473674512-2259-6126/Image_of_the_blackspot__.jpg,Gets Cleared But Comes Back,,
245,http://mapunitygroups.com//uploads/tmp/1473674630-2259-9344/Image_of_the_blackspot__.jpg,Gets Cleared But Comes Back,,
246,http://mapunitygroups.com//uploads/tmp/1473674742-2259-3998/Image_of_the_blackspot__.jpg,Gets Cleared But Comes Back,,
247,http://mapunitygroups.com//uploads/tmp/1473675095-2259-9028/Image_of_the_blackspot__.jpg,Gets Cleared But Comes Back,,
248,http://mapunitygroups.com//uploads/tmp/1473675252-2259-5386/Image_of_the_blackspot__.jpg,"Gets Cleared But Comes Back, Bbmp/ Sweepers Dump Waste Here",,
249,http://mapunitygroups.com//uploads/tmp/1473675385-2259-8271/Image_of_the_blackspot__.jpg,Gets Cleared But Comes Back,,
250,http://mapunitygroups.com//uploads/tmp/1473676426-2259-2362/Image_of_the_blackspot__.jpg,Gets Cleared But Comes Back,,
251,http://mapunitygroups.com//uploads/tmp/1473676496-2259-6521/Image_of_the_blackspot__.jpg,Gets Cleared But Comes Back,,
252,http://mapunitygroups.com//uploads/tmp/1473676583-2259-9654/Image_of_the_blackspot__.jpg,Gets Cleared But Comes Back,,
253,http://mapunitygroups.com//uploads/tmp/1473676664-2259-4485/Image_of_the_blackspot__.jpg,Gets Cleared But Comes Back,,
254,http://mapunitygroups.com//uploads/tmp/1473676818-2259-3959/Image_of_the_blackspot__.jpg,Gets Cleared But Comes Back,,
255,http://mapunitygroups.com//uploads/tmp/1473676980-2259-3677/Image_of_the_blackspot__.jpg,Gets Cleared But Comes Back,,
256,http://mapunitygroups.com//uploads/tmp/1473677039-2259-6223/Image_of_the_blackspot__.jpg,Gets Cleared But Comes Back,,
257,http://mapunitygroups.com//uploads/tmp/1473677152-2259-7144/Image_of_the_blackspot__.jpg,Gets Cleared But Comes Back,,
258,http://mapunitygroups.com//uploads/tmp/1473677223-2259-2055/Image_of_the_blackspot__.jpg,"Bbmp/ Sweepers Dump Waste Here, It's A Lorry Transfer Point, This Is A Ward Boundary Area, Bbmp Auto/Pushcart Is Parked Here",,
259,http://mapunitygroups.com//uploads/tmp/1473677307-2259-0318/Image_of_the_blackspot__.jpg,"Gets Cleared But Comes Back, This Is A Ward Boundary Area",,
260,http://mapunitygroups.com//uploads/tmp/1473680269-2259-9885/Image_of_the_blackspot__.jpg,"Gets Cleared But Comes Back, This Is A Ward Boundary Area",,
261,http://mapunitygroups.com//uploads/tmp/1473680354-2259-1876/Image_of_the_blackspot__.jpg,"Gets Cleared But Comes Back, This Is A Ward Boundary Area",,
262,http://mapunitygroups.com//uploads/tmp/1473680445-2259-6846/Image_of_the_blackspot__.jpg,"Gets Cleared But Comes Back, This Is A Ward Boundary Area",,
263,http://mapunitygroups.com//uploads/tmp/1473680561-2259-0605/Image_of_the_blackspot__.jpg,"Gets cleared but comes back, This is a ward boundary area",,
264,http://mapunitygroups.com//uploads/tmp/1473680714-2259-6523/Image_of_the_blackspot__.jpg,"Bbmp/ Sweepers Dump Waste Here, Gets Cleared But Comes Back, This Is A Ward Boundary Area",,
265,http://mapunitygroups.com//uploads/tmp/1473680838-2259-0090/Image_of_the_blackspot__.jpg,Gets Cleared But Comes Back,,
266,http://mapunitygroups.com//uploads/tmp/1473680921-2259-3164/Image_of_the_blackspot__.jpg,"Bbmp/ Sweepers Dump Waste Here, Gets Cleared But Comes Back",,
267,http://mapunitygroups.com//uploads/tmp/1473681027-2259-5874/Image_of_the_blackspot__.jpg,"Bbmp/ Sweepers Dump Waste Here, Gets Cleared But Comes Back",,
268,http://mapunitygroups.com//uploads/tmp/1473681096-2259-7031/Image_of_the_blackspot__.jpg,"Bbmp/ Sweepers Dump Waste Here, Gets Cleared But Comes Back",,
269,http://mapunitygroups.com//uploads/tmp/1473681177-2259-2518/Image_of_the_blackspot__.jpg,"Bbmp/ Sweepers Dump Waste Here, Gets Cleared But Comes Back",,
270,http://mapunitygroups.com//uploads/tmp/1473681254-2259-0841/Image_of_the_blackspot__.jpg,Gets Cleared But Comes Back,,
271,http://mapunitygroups.com//uploads/tmp/1473681334-2259-9773/Image_of_the_blackspot__.jpg,"Bbmp/ Sweepers Dump Waste Here, Gets Cleared But Comes Back",,
272,http://mapunitygroups.com//uploads/tmp/1473681413-2259-5549/Image_of_the_blackspot__.jpg,Gets Cleared But Comes Back,,
273,http://mapunitygroups.com//uploads/tmp/1473681482-2259-3779/Image_of_the_blackspot__.jpg,"Garbage Is Burnt Here Regularly, Gets Cleared But Comes Back",,
274,http://mapunitygroups.com//uploads/tmp/1473682639-2259-0928/Image_of_the_blackspot__.jpg,Gets Cleared But Comes Back,,
275,http://mapunitygroups.com//uploads/tmp/1473682733-2259-8393/Image_of_the_blackspot__.jpg,Gets Cleared But Comes Back,,
276,http://mapunitygroups.com//uploads/tmp/1473682818-2259-0871/Image_of_the_blackspot__.jpg,"Gets Cleared But Comes Back, Bbmp/ Sweepers Dump Waste Here, Bbmp Auto/Pushcart Is Parked Here",,
277,http://mapunitygroups.com//uploads/tmp/1473682902-2259-5389/Image_of_the_blackspot__.jpg,"Bbmp/ Sweepers Dump Waste Here, Gets Cleared But Comes Back",,
278,http://mapunitygroups.com//uploads/tmp/1473682959-2259-8927/Image_of_the_blackspot__.jpg,"Gets Cleared But Comes Back, Bbmp/ Sweepers Dump Waste Here",,
279,http://mapunitygroups.com//uploads/tmp/1473683101-2259-1125/Image_of_the_blackspot__.jpg,"Bbmp/ Sweepers Dump Waste Here, Gets Cleared But Comes Back, This Is A Ward Boundary Area",,
280,http://mapunitygroups.com//uploads/tmp/1473683163-2259-0685/Image_of_the_blackspot__.jpg,"Bbmp/ Sweepers Dump Waste Here, Gets Cleared But Comes Back, This Is A Ward Boundary Area",,
281,http://mapunitygroups.com//uploads/tmp/1473683278-2259-9063/Image_of_the_blackspot__.jpg,Gets cleared but comes back,,
282,http://mapunitygroups.com//uploads/tmp/1473683366-2259-9765/Image_of_the_blackspot__.jpg,Gets Cleared But Comes Back,,
283,http://mapunitygroups.com//uploads/tmp/1473683439-2259-9825/Image_of_the_blackspot__.jpg,Gets Cleared But Comes Back,,
284,http://mapunitygroups.com//uploads/tmp/1473683552-2259-9370/Image_of_the_blackspot__.jpg,"Gets Cleared But Comes Back, This Is A Ward Boundary Area",,
285,http://mapunitygroups.com//uploads/tmp/1473683634-2259-2531/Image_of_the_blackspot__.jpg,Gets Cleared But Comes Back,,
286,http://mapunitygroups.com//uploads/tmp/1473683713-2259-0770/Image_of_the_blackspot__.jpg,Gets Cleared But Comes Back,,
287,http://mapunitygroups.com//uploads/tmp/1473683776-2259-3244/Image_of_the_blackspot__.jpg,Gets cleared but comes back,,
288,http://mapunitygroups.com//uploads/tmp/1473683849-2259-3919/Image_of_the_blackspot__.jpg,"It's A Lorry Transfer Point, Bbmp/ Sweepers Dump Waste Here, Gets Cleared But Comes Back",,
289,http://mapunitygroups.com//uploads/tmp/1473684759-2259-6050/Image_of_the_blackspot__.jpg,Gets Cleared But Comes Back,,
290,http://mapunitygroups.com//uploads/tmp/1473684849-2259-0323/Image_of_the_blackspot__.jpg,Gets cleared but comes back,,
291,http://mapunitygroups.com//uploads/tmp/1473684924-1633-5344/Image_of_the_blackspot__.jpg,Gets Cleared But Comes Back,,
292,http://mapunitygroups.com//uploads/tmp/1473685021-2259-9156/Image_of_the_blackspot__.jpg,Gets Cleared But Comes Back,,
293,http://mapunitygroups.com//uploads/tmp/1475919517-8252-3950/BLANK.jpeg,Gets cleared but comes back,,
294,http://mapunitygroups.com//uploads/tmp/1473691363-2259-8619/1473691359727.jpg,Never gets cleared,,
295,http://mapunitygroups.com//uploads/tmp/1473691732-2259-1349/1473691728519.jpg,"BBMP/ sweepers dump waste here, Gets cleared but comes back",,
296,http://mapunitygroups.com//uploads/tmp/1473698583-2259-1032/IMG_20160908_075740143.jpg,Gets cleared but comes back,,
297,http://mapunitygroups.com//uploads/tmp/1473698717-2259-8868/IMG_20160908_080419818.jpg,Gets cleared but comes back,,
298,http://mapunitygroups.com//uploads/tmp/1473698835-2259-1663/IMG_20160908_080527571.jpg,Gets cleared but comes back,,
299,http://mapunitygroups.com//uploads/tmp/1473698959-2259-0426/IMG_20160908_080555878_HDR.jpg,Gets cleared but comes back,,
300,http://mapunitygroups.com//uploads/tmp/1473699067-2259-0385/IMG_20160908_081009776.jpg,Gets cleared but comes back,,
301,http://mapunitygroups.com//uploads/tmp/1473699327-2259-7472/IMG_20160908_081041528.jpg,Gets cleared but comes back,,
302,http://mapunitygroups.com//uploads/tmp/1473699859-2259-4533/IMG_20160908_081207831.jpg,"Gets cleared but comes back, This is a ward boundary area",,
303,http://mapunitygroups.com//uploads/tmp/1473700100-2259-8972/IMG_20160908_082734159.jpg,Gets cleared but comes back,,
304,http://mapunitygroups.com//uploads/tmp/1473700253-2259-3028/IMG_20160908_081408190.jpg,Gets cleared but comes back,,
305,http://mapunitygroups.com//uploads/tmp/1473700336-2259-4400/IMG_20160908_081438685.jpg,"BBMP/ sweepers dump waste here, Gets cleared but comes back",,
306,http://mapunitygroups.com//uploads/tmp/1473701122-2259-1040/Image_of_the_blackspot__.jpg,"Garbage Is Burnt Here Regularly, Bin Present, People Still Dump Outside, This Is A Ward Boundary Area",,
307,http://mapunitygroups.com//uploads/tmp/1473701207-2259-9877/Image_of_the_blackspot__.jpg,"Gets Cleared But Comes Back, This Is A Ward Boundary Area",,
308,http://mapunitygroups.com//uploads/tmp/1473701297-2259-7001/Image_of_the_blackspot__.jpg,Gets Cleared But Comes Back,,
309,http://mapunitygroups.com//uploads/tmp/1473701411-2259-3950/Image_of_the_blackspot__.jpg,Gets Cleared But Comes Back,,
310,http://mapunitygroups.com//uploads/tmp/1473701796-2259-6823/Image_of_the_blackspot__.jpg,Gets Cleared But Comes Back,,
311,http://mapunitygroups.com//uploads/tmp/1473701860-2259-3644/Image_of_the_blackspot__.jpg,Gets Cleared But Comes Back,,
312,http://mapunitygroups.com//uploads/tmp/1473701943-2259-1748/Image_of_the_blackspot__.jpg,Gets Cleared But Comes Back,,
313,http://mapunitygroups.com//uploads/tmp/1473702046-2259-4830/Image_of_the_blackspot__.jpg,Gets Cleared But Comes Back,,
314,http://mapunitygroups.com//uploads/tmp/1473702140-2259-8543/Image_of_the_blackspot__.jpg,"Bbmp/ Sweepers Dump Waste Here, Gets Cleared But Comes Back",,
315,http://mapunitygroups.com//uploads/tmp/1473702216-2259-7248/Image_of_the_blackspot__.jpg,"Gets Cleared But Comes Back, Bbmp/ Sweepers Dump Waste Here, Bin Present, People Still Dump Outside",,
316,http://mapunitygroups.com//uploads/tmp/1473702323-2259-5125/Image_of_the_blackspot__.jpg,"Gets Cleared But Comes Back, This Is Mainly Leaf Litter",,
317,http://mapunitygroups.com//uploads/tmp/1473702382-2259-7336/Image_of_the_blackspot__.jpg,This Is Mainly Leaf Litter,,
318,http://mapunitygroups.com//uploads/tmp/1473702552-2259-2911/Image_of_the_blackspot__.jpg,Gets Cleared But Comes Back,,
319,http://mapunitygroups.com//uploads/tmp/1473702667-2259-0580/Image_of_the_blackspot__.jpg,"Gets Cleared But Comes Back, This Is Mainly Leaf Litter",,
320,http://mapunitygroups.com//uploads/tmp/1473702738-2259-8829/Image_of_the_blackspot__.jpg,"Gets Cleared But Comes Back, Bbmp/ Sweepers Dump Waste Here, Bbmp Auto/Pushcart Is Parked Here",,
321,http://mapunitygroups.com//uploads/tmp/1473702811-2259-4927/Image_of_the_blackspot__.jpg,Gets Cleared But Comes Back,,
322,http://mapunitygroups.com//uploads/tmp/1473702901-2259-3051/Image_of_the_blackspot__.jpg,Gets Cleared But Comes Back,,
323,http://mapunitygroups.com//uploads/tmp/1473703258-2259-0852/thumb_IMG_0026_1024.jpg,Gets cleared but comes back,,
324,http://mapunitygroups.com//uploads/tmp/1473760876-21413-9697/Image_of_the_blackspot__.jpg,Gets Cleared But Comes Back,,
325,http://mapunitygroups.com//uploads/tmp/1473760954-21413-3230/Image_of_the_blackspot__.jpg,Gets Cleared But Comes Back,,
326,http://mapunitygroups.com//uploads/tmp/1473761070-21413-2641/Image_of_the_blackspot__.jpg,"It's A Lorry Transfer Point, Bbmp/ Sweepers Dump Waste Here, Gets Cleared But Comes Back, Garbage Is Burnt Here Regularly, Bbmp Auto/Pushcart Is Parked Here",,
327,http://mapunitygroups.com//uploads/tmp/1473761259-21413-2184/Image_of_the_blackspot__.jpg,Gets Cleared But Comes Back,,
328,http://mapunitygroups.com//uploads/tmp/1473761335-21413-8309/Image_of_the_blackspot__.jpg,Gets Cleared But Comes Back,,
329,http://mapunitygroups.com//uploads/tmp/1473761419-24971-9763/Image_of_the_blackspot__.jpg,Gets Cleared But Comes Back,,
330,http://mapunitygroups.com//uploads/tmp/1473761495-24971-8598/Image_of_the_blackspot__.jpg,"Gets Cleared But Comes Back, This Is A Ward Boundary Area",,
331,http://mapunitygroups.com//uploads/tmp/1473761601-21413-8673/Image_of_the_blackspot__.jpg,"Gets Cleared But Comes Back, This Is A Ward Boundary Area",,
332,http://mapunitygroups.com//uploads/tmp/1473761669-21413-7127/Image_of_the_blackspot__.jpg,"Gets Cleared But Comes Back, This Is A Ward Boundary Area",,
333,http://mapunitygroups.com//uploads/tmp/1473761866-21413-7956/Image_of_the_blackspot__.jpg,"Gets cleared but comes back, This is a ward boundary area",,
334,http://mapunitygroups.com//uploads/tmp/1473762328-21413-7622/Image_of_the_blackspot__.jpg,"Gets Cleared But Comes Back, This Is A Ward Boundary Area",,
335,http://mapunitygroups.com//uploads/tmp/1473762411-21413-0279/Image_of_the_blackspot__.jpg,"Gets Cleared But Comes Back, This Is A Ward Boundary Area",,
336,http://mapunitygroups.com//uploads/tmp/1473762480-21413-6961/Image_of_the_blackspot__.jpg,"Gets Cleared But Comes Back, This Is A Ward Boundary Area",,
337,http://mapunitygroups.com//uploads/tmp/1473762573-21413-4088/Image_of_the_blackspot__.jpg,"Gets Cleared But Comes Back, This Is A Ward Boundary Area, It's A Lorry Transfer Point, Bbmp Auto/Pushcart Is Parked Here",,
338,http://mapunitygroups.com//uploads/tmp/1473762667-21413-1136/Image_of_the_blackspot__.jpg,"Gets Cleared But Comes Back, This Is A Ward Boundary Area",,
339,http://mapunitygroups.com//uploads/tmp/1473762732-21413-2587/Image_of_the_blackspot__.jpg,"Gets Cleared But Comes Back, This Is A Ward Boundary Area",,
340,http://mapunitygroups.com//uploads/tmp/1473762860-21413-8348/Image_of_the_blackspot__.jpg,"Gets Cleared But Comes Back, This Is A Ward Boundary Area",,
341,http://mapunitygroups.com//uploads/tmp/1473762929-21413-0304/Image_of_the_blackspot__.jpg,"Gets Cleared But Comes Back, This Is A Ward Boundary Area",,
342,http://mapunitygroups.com//uploads/tmp/1473763014-21413-0960/Image_of_the_blackspot__.jpg,"Gets Cleared But Comes Back, This Is A Ward Boundary Area",,
343,http://mapunitygroups.com//uploads/tmp/1473763113-26853-6176/Image_of_the_blackspot__.jpg,Gets cleared but comes back,,
344,http://mapunitygroups.com//uploads/tmp/1473763191-21413-6142/Image_of_the_blackspot__.jpg,Gets Cleared But Comes Back,,
345,http://mapunitygroups.com//uploads/tmp/1473763247-21413-3005/Image_of_the_blackspot__.jpg,Gets Cleared But Comes Back,,
346,http://mapunitygroups.com//uploads/tmp/1473763319-21413-8097/Image_of_the_blackspot__.jpg,Gets cleared but comes back,,
347,http://mapunitygroups.com//uploads/tmp/1473763406-21413-6832/Image_of_the_blackspot__.jpg,Gets Cleared But Comes Back,,
348,http://mapunitygroups.com//uploads/tmp/1473764200-21413-3228/Image_of_the_blackspot__.jpg,"Gets Cleared But Comes Back, This Is A Ward Boundary Area",,
349,http://mapunitygroups.com//uploads/tmp/1473764254-21413-8716/Image_of_the_blackspot__.jpg,"Gets Cleared But Comes Back, This Is A Ward Boundary Area",,
350,http://mapunitygroups.com//uploads/tmp/1473764308-21413-2470/Image_of_the_blackspot__.jpg,"Gets Cleared But Comes Back, This Is A Ward Boundary Area",,
351,http://mapunitygroups.com//uploads/tmp/1473764373-21413-7035/Image_of_the_blackspot__.jpg,"Gets Cleared But Comes Back, This Is A Ward Boundary Area",,
352,http://mapunitygroups.com//uploads/tmp/1473764430-21413-2152/Image_of_the_blackspot__.jpg,"Gets Cleared But Comes Back, This Is A Ward Boundary Area",,
353,http://mapunitygroups.com//uploads/tmp/1473764526-26853-4654/Image_of_the_blackspot__.jpg,Gets Cleared But Comes Back,,
354,http://mapunitygroups.com//uploads/tmp/1473764610-2259-7155/Image_of_the_blackspot__.jpg,Gets cleared but comes back,,
355,http://mapunitygroups.com//uploads/tmp/1473764665-2259-7822/Image_of_the_blackspot__.jpg,Gets Cleared But Comes Back,,
356,http://mapunitygroups.com//uploads/tmp/1473764727-2259-8765/Image_of_the_blackspot__.jpg,Gets Cleared But Comes Back,,
357,http://mapunitygroups.com//uploads/tmp/1473764790-2259-7639/Image_of_the_blackspot__.jpg,Gets Cleared But Comes Back,,
358,http://mapunitygroups.com//uploads/tmp/1473764870-2259-7617/Image_of_the_blackspot__.jpg,Gets Cleared But Comes Back,,
359,http://mapunitygroups.com//uploads/tmp/1473764940-2259-0857/Image_of_the_blackspot__.jpg,Gets Cleared But Comes Back,,
360,http://mapunitygroups.com//uploads/tmp/1473765036-2259-5098/Image_of_the_blackspot__.jpg,Gets Cleared But Comes Back,,
361,http://mapunitygroups.com//uploads/tmp/1473765455-2259-5385/Image_of_the_blackspot__.jpg,"Gets cleared but comes back, This is a ward boundary area",,
362,http://mapunitygroups.com//uploads/tmp/1473765518-2259-3884/Image_of_the_blackspot__.jpg,Gets Cleared But Comes Back,,
363,http://mapunitygroups.com//uploads/tmp/1473765613-2259-4527/Image_of_the_blackspot__.jpg,Gets Cleared But Comes Back,,
364,http://mapunitygroups.com//uploads/tmp/1473765734-2259-5109/Image_of_the_blackspot__.jpg,"Gets Cleared But Comes Back, This Is A Ward Boundary Area",,
365,http://mapunitygroups.com//uploads/tmp/1473765827-2259-5788/Image_of_the_blackspot__.jpg,Gets cleared but comes back,,
366,http://mapunitygroups.com//uploads/tmp/1473765960-2080-2399/Image_of_the_blackspot__.jpg,"Gets Cleared But Comes Back, This Is A Ward Boundary Area",,
367,http://mapunitygroups.com//uploads/tmp/1473766016-2080-5122/Image_of_the_blackspot__.jpg,"Gets Cleared But Comes Back, This Is A Ward Boundary Area",,
368,http://mapunitygroups.com//uploads/tmp/1473766076-2259-9879/Image_of_the_blackspot__.jpg,"It's A Lorry Transfer Point, Gets Cleared But Comes Back, This Is A Ward Boundary Area",,
369,http://mapunitygroups.com//uploads/tmp/1473766515-2259-9419/Image_of_the_blackspot__.jpg,Gets Cleared But Comes Back,,
370,http://mapunitygroups.com//uploads/tmp/1473766584-2259-1084/Image_of_the_blackspot__.jpg,Gets Cleared But Comes Back,,
371,http://mapunitygroups.com//uploads/tmp/1473766644-2259-5049/Image_of_the_blackspot__.jpg,Gets Cleared But Comes Back,,
372,http://mapunitygroups.com//uploads/tmp/1473766769-2259-0255/Image_of_the_blackspot__.jpg,"Gets Cleared But Comes Back, Bbmp/ Sweepers Dump Waste Here, Garbage Is Burnt Here Regularly",,
373,http://mapunitygroups.com//uploads/tmp/1473766911-2259-8354/Image_of_the_blackspot__.jpg,Gets Cleared But Comes Back,,
374,http://mapunitygroups.com//uploads/tmp/1473766980-2259-5618/Image_of_the_blackspot__.jpg,Gets Cleared But Comes Back,,
375,http://mapunitygroups.com//uploads/tmp/1473768696-2259-6101/Image_of_the_blackspot__.jpg,Gets Cleared But Comes Back,,
376,http://mapunitygroups.com//uploads/tmp/1473769081-2259-7942/Image_of_the_blackspot__.jpg,Gets Cleared But Comes Back,,
377,http://mapunitygroups.com//uploads/tmp/1473773707-2259-1684/Image_of_the_blackspot__.jpg,Gets Cleared But Comes Back,,
378,http://mapunitygroups.com//uploads/tmp/1473773790-2259-2439/Image_of_the_blackspot__.jpg,Gets Cleared But Comes Back,,
379,http://mapunitygroups.com//uploads/tmp/1473773890-2259-2068/Image_of_the_blackspot__.jpg,Gets Cleared But Comes Back,,
380,http://mapunitygroups.com//uploads/tmp/1473774049-2259-5962/Image_of_the_blackspot__.jpg,Gets Cleared But Comes Back,,
381,http://mapunitygroups.com//uploads/tmp/1473774126-2259-6645/Image_of_the_blackspot__.jpg,"Bbmp/ Sweepers Dump Waste Here, Garbage Is Burnt Here Regularly",,
382,http://mapunitygroups.com//uploads/tmp/1473775520-2259-4769/Image_of_the_blackspot__.jpg,"Gets Cleared But Comes Back, Bbmp/ Sweepers Dump Waste Here, Garbage Is Burnt Here Regularly, This Is A Ward Boundary Area",,
383,http://mapunitygroups.com//uploads/tmp/1473775614-2259-7810/Image_of_the_blackspot__.jpg,"Gets Cleared But Comes Back, This Is A Ward Boundary Area",,
384,http://mapunitygroups.com//uploads/tmp/1473775755-2259-7166/Image_of_the_blackspot__.jpg,"Gets Cleared But Comes Back, This Is A Ward Boundary Area",,
385,http://mapunitygroups.com//uploads/tmp/1473775849-2259-0204/Image_of_the_blackspot__.jpg,"Bbmp/ Sweepers Dump Waste Here, Garbage Is Burnt Here Regularly",,
386,http://mapunitygroups.com//uploads/tmp/1473776034-2259-8831/Image_of_the_blackspot__.jpg,"Gets Cleared But Comes Back, Bbmp/ Sweepers Dump Waste Here",,
387,http://mapunitygroups.com//uploads/tmp/1473776109-2259-8835/Image_of_the_blackspot__.jpg,Gets Cleared But Comes Back,,
388,http://mapunitygroups.com//uploads/tmp/1473776182-2259-0810/Image_of_the_blackspot__.jpg,Gets Cleared But Comes Back,,
389,http://mapunitygroups.com//uploads/tmp/1473776268-2259-3029/Image_of_the_blackspot__.jpg,Gets Cleared But Comes Back,,
390,http://mapunitygroups.com//uploads/tmp/1473776341-2259-9563/Image_of_the_blackspot__.jpg,Gets Cleared But Comes Back,,
391,http://mapunitygroups.com//uploads/tmp/1473776481-2259-2176/Image_of_the_blackspot__.jpg,Gets Cleared But Comes Back,,
392,http://mapunitygroups.com//uploads/tmp/1473776558-2259-7021/Image_of_the_blackspot__.jpg,Gets Cleared But Comes Back,,
393,http://mapunitygroups.com//uploads/tmp/1473776626-2259-3840/Image_of_the_blackspot__.jpg,Gets Cleared But Comes Back,,
394,http://mapunitygroups.com//uploads/tmp/1473776725-2259-6223/Image_of_the_blackspot__.jpg,Gets Cleared But Comes Back,,
395,http://mapunitygroups.com//uploads/tmp/1473776848-2259-1135/Image_of_the_blackspot__.jpg,"Gets Cleared But Comes Back, This Is A Ward Boundary Area",,
396,http://mapunitygroups.com//uploads/tmp/1473776935-2259-2940/Image_of_the_blackspot__.jpg,"Gets Cleared But Comes Back, This Is A Ward Boundary Area",,
397,http://mapunitygroups.com//uploads/tmp/1473776997-2259-8775/Image_of_the_blackspot__.jpg,Gets Cleared But Comes Back,,
398,http://mapunitygroups.com//uploads/tmp/1473777091-2259-7103/Image_of_the_blackspot__.jpg,Gets Cleared But Comes Back,,
399,http://mapunitygroups.com//uploads/tmp/1473777155-2259-0399/Image_of_the_blackspot__.jpg,Gets Cleared But Comes Back,,
400,http://mapunitygroups.com//uploads/tmp/1473777214-2259-5025/Image_of_the_blackspot__.jpg,Gets Cleared But Comes Back,,
401,http://mapunitygroups.com//uploads/tmp/1473777279-2259-1085/Image_of_the_blackspot__.jpg,Gets Cleared But Comes Back,,
402,http://mapunitygroups.com//uploads/tmp/1473777355-18677-3676/Image_of_the_blackspot__.jpg,Gets Cleared But Comes Back,,
403,http://mapunitygroups.com//uploads/tmp/1473777477-18677-7187/Image_of_the_blackspot__.jpg,Gets Cleared But Comes Back,,
404,http://mapunitygroups.com//uploads/tmp/1473777629-18677-6464/Image_of_the_blackspot__.jpg,Gets cleared but comes back,,
405,http://mapunitygroups.com//uploads/tmp/1473777785-2259-1565/Image_of_the_blackspot__.jpg,Gets Cleared But Comes Back,,
406,http://mapunitygroups.com//uploads/tmp/1474003885-24668-6549/1474003831578.jpg,"BBMP/ sweepers dump waste here, Gets cleared but comes back",,
407,http://mapunitygroups.com//uploads/tmp/1474004592-2259-6025/1474004545824.jpg,"BBMP/ sweepers dump waste here, Gets cleared but comes back",,
408,http://mapunitygroups.com//uploads/tmp/1474018946-2259-0026/1474018908537.jpg,"BBMP/ sweepers dump waste here, Gets cleared but comes back, This is a ward boundary area",,
409,http://mapunitygroups.com//uploads/tmp/1474019177-2259-1253/1474019133101.jpg,"It's a lorry transfer point, BBMP/ sweepers dump waste here, Gets cleared but comes back, Garbage is burnt here regularly",,
410,http://mapunitygroups.com//uploads/tmp/1474019267-3482-7591/1474019228719.jpg,"BBMP/ sweepers dump waste here, This is a ward boundary area",,
411,http://mapunitygroups.com//uploads/tmp/1474019411-2259-4112/1474019380850.jpg,BBMP/ sweepers dump waste here,,
412,http://mapunitygroups.com//uploads/tmp/1475923934-8252-7237/BLANK.jpeg,"Gets cleared but comes back, Garbage is burnt here regularly",,
413,http://mapunitygroups.com//uploads/tmp/1475923973-8252-0632/BLANK.jpeg,"Garbage is burnt here regularly, This is a ward boundary area",,
414,http://mapunitygroups.com//uploads/tmp/1474206959-2259-2325/1474206918310.jpg,Gets cleared but comes back,,
415,http://mapunitygroups.com//uploads/tmp/1475924086-8252-8800/BLANK.jpeg,"Gets cleared but comes back, Garbage is burnt here regularly, This is a ward boundary area",,
416,http://mapunitygroups.com//uploads/tmp/1475924136-3573-2284/BLANK.jpeg,"It's a lorry transfer point, BBMP/ sweepers dump waste here, Gets cleared but comes back, Garbage is burnt here regularly, This is a ward boundary area",,
417,http://mapunitygroups.com//uploads/tmp/1474283190-32069-1597/1474283141205.jpg,This is a ward boundary area,,
418,http://mapunitygroups.com//uploads/tmp/1474283471-32069-3118/1474283435984.jpg,"Gets cleared but comes back, This is a ward boundary area",,
419,http://mapunitygroups.com//uploads/tmp/1474309197-32069-3710/WhatsApp_Image_2016-09-19_at_11.49.00_PM.jpeg,Gets cleared but comes back,,
420,http://mapunitygroups.com//uploads/tmp/1474341375-32069-7540/Image_of_the_blackspot__.jpg,Bbmp/ Sweepers Dump Waste Here,,
421,http://mapunitygroups.com//uploads/tmp/1474341683-32069-2372/Image_of_the_blackspot__.jpg,Gets Cleared But Comes Back,,
422,http://mapunitygroups.com//uploads/tmp/1474366657-32069-9862/Image_of_the_blackspot__.jpg,Gets Cleared But Comes Back,,
423,http://mapunitygroups.com//uploads/tmp/1474366984-32069-7617/Image_of_the_blackspot__.jpg,Bbmp/ Sweepers Dump Waste Here,,
424,http://mapunitygroups.com//uploads/tmp/1474389832-32069-6930/1474389756637.jpg,"BBMP/ sweepers dump waste here, Garbage is burnt here regularly",,
425,http://mapunitygroups.com//uploads/tmp/1475942435-17628-7372/BLANK.jpeg,Gets cleared but comes back,,
426,http://mapunitygroups.com//uploads/tmp/1474519036-32069-5445/Image_of_the_blackspot__.jpg,"Bbmp/ Sweepers Dump Waste Here, Gets Cleared But Comes Back",,
427,http://mapunitygroups.com//uploads/tmp/1474524644-32069-8952/Image_of_the_blackspot__.jpg,"Bbmp/ Sweepers Dump Waste Here, Garbage Is Burnt Here Regularly",,
428,http://mapunitygroups.com//uploads/tmp/1475924440-8252-3794/BLANK.jpeg,"BBMP/ sweepers dump waste here, Never gets cleared",,
429,http://mapunitygroups.com//uploads/tmp/1474544686-32069-0761/1474544602797.jpg,Never gets cleared,,
430,http://mapunitygroups.com//uploads/tmp/1474548027-32069-2766/Image_of_the_blackspot__.jpg,This Is A Ward Boundary Area,,
431,http://mapunitygroups.com//uploads/tmp/1474550884-32069-8894/1474550825732.jpg,Never gets cleared,,
432,http://mapunitygroups.com//uploads/tmp/1473233076-3718-8890/1473232981936.jpg,"BBMP/ sweepers dump waste here, Gets cleared but comes back, Garbage is burnt here regularly",,
433,http://mapunitygroups.com//uploads/tmp/1474566697-32069-3623/Image_of_the_blackspot__.jpg,"Gets Cleared But Comes Back, This Is A Ward Boundary Area",,
434,http://mapunitygroups.com//uploads/tmp/1474569241-32069-3079/Image_of_the_blackspot__.jpg,Never gets cleared,,
435,http://mapunitygroups.com//uploads/tmp/1474605567-32069-2848/1474605482194.jpg,"This is a ward boundary area, Never gets cleared",,
436,http://mapunitygroups.com//uploads/tmp/1474606892-32069-1535/Image_of_the_blackspot__.jpg,"Garbage Is Burnt Here Regularly, Other (Update As A Comment)",,
437,http://mapunitygroups.com//uploads/tmp/1474607081-32069-5105/Image_of_the_blackspot__.jpg,"Bbmp/ Sweepers Dump Waste Here, Never Gets Cleared",,
438,http://mapunitygroups.com//uploads/tmp/1474608399-32069-3562/1474608392000.jpg,Gets cleared but comes back,,
439,http://mapunitygroups.com//uploads/tmp/1474608752-32069-0021/1474608748209.jpg,Gets cleared but comes back,,
440,http://mapunitygroups.com//uploads/tmp/1474609048-32069-0859/1474609042077.jpg,"Bin present, people still dump outside",,
441,http://mapunitygroups.com//uploads/tmp/1475924815-8252-8719/BLANK.jpeg,Never gets cleared,,
442,http://mapunitygroups.com//uploads/tmp/1474610462-32069-6103/1474610409246.jpg,"BBMP/ sweepers dump waste here, This is mainly leaf litter, Never gets cleared",,
443,http://mapunitygroups.com//uploads/tmp/1475924881-8252-3469/BLANK.jpeg,"BBMP/ sweepers dump waste here, Garbage is burnt here regularly, This is mainly leaf litter, Never gets cleared",,
444,http://mapunitygroups.com//uploads/tmp/1474610697-32069-3334/1474610655985.jpg,"Garbage is burnt here regularly, Never gets cleared",,
445,http://mapunitygroups.com//uploads/tmp/1474610969-32069-7867/1474610930243.jpg,"BBMP/ sweepers dump waste here, This is mainly leaf litter",,
446,http://mapunitygroups.com//uploads/tmp/1474611153-14755-9596/1474611116535.jpg,Never gets cleared,,
447,http://mapunitygroups.com//uploads/tmp/1474611354-12890-6811/1474611323957.jpg,"This is mainly leaf litter, Never gets cleared",,
448,http://mapunitygroups.com//uploads/tmp/1474611540-32069-0866/1474611480618.jpg,"BBMP/ sweepers dump waste here, Never gets cleared",,
449,http://mapunitygroups.com//uploads/tmp/1474611657-32069-8261/1474611614384.jpg,Never gets cleared,,
450,http://mapunitygroups.com//uploads/tmp/1474612151-32069-8541/1474612108009.jpg,"BBMP/ sweepers dump waste here, Garbage is burnt here regularly, This is mainly leaf litter, Never gets cleared",,
451,http://mapunitygroups.com//uploads/tmp/1474612472-32069-6996/1474612413415.jpg,Never gets cleared,,
452,http://mapunitygroups.com//uploads/tmp/1474614266-32069-0297/1474614256226.jpg,"Gets cleared but comes back, Garbage is burnt here regularly",,
453,http://mapunitygroups.com//uploads/tmp/1474719353-26560-4879/1474719339453.jpg,"Gets cleared but comes back, Garbage is burnt here regularly",,
454,http://mapunitygroups.com//uploads/tmp/1474615430-17672-6106/Image_of_the_blackspot__.jpg,Gets Cleared But Comes Back,,
455,http://mapunitygroups.com//uploads/tmp/1474617387-32069-3022/Image_of_the_blackspot__.jpg,"Bbmp/ Sweepers Dump Waste Here, Gets Cleared But Comes Back",,
456,http://mapunitygroups.com//uploads/tmp/1474617579-32069-9148/Image_of_the_blackspot__.jpg,"Bbmp/ Sweepers Dump Waste Here, Gets Cleared But Comes Back",,
457,http://mapunitygroups.com//uploads/tmp/1474617751-21637-6592/Image_of_the_blackspot__.jpg,"Bbmp/ Sweepers Dump Waste Here, Gets Cleared But Comes Back",,
458,http://mapunitygroups.com//uploads/tmp/1474617905-32069-0035/Image_of_the_blackspot__.jpg,"Bbmp/ Sweepers Dump Waste Here, Gets Cleared But Comes Back, Garbage Is Burnt Here Regularly",,
459,http://mapunitygroups.com//uploads/tmp/1474619951-26560-3719/Image_of_the_blackspot__.jpg,Never Gets Cleared,,
460,http://mapunitygroups.com//uploads/tmp/1474620217-26560-4099/IMG-20160405-WA0007.jpg,"It's a lorry transfer point, BBMP/ sweepers dump waste here, Garbage is burnt here regularly, BBMP auto/pushcart is parked here, Never gets cleared",,
461,http://mapunitygroups.com//uploads/tmp/1475925651-8252-7768/BLANK.jpeg,"It's a lorry transfer point, Gets cleared but comes back",,
462,http://mapunitygroups.com//uploads/tmp/1475925687-8252-6031/BLANK.jpeg,Other (Update as a comment after approval),,
463,http://mapunitygroups.com//uploads/tmp/1475925744-8252-8712/BLANK.jpeg,Other (Update as a comment after approval),,
464,http://mapunitygroups.com//uploads/tmp/1474626833-26560-0875/Image_of_the_blackspot__.jpg,"This Is A Ward Boundary Area, Gets Cleared But Comes Back",,
465,http://mapunitygroups.com//uploads/tmp/1474626897-26560-8516/Image_of_the_blackspot__.jpg,"Gets Cleared But Comes Back, This Is A Ward Boundary Area",,
466,http://mapunitygroups.com//uploads/tmp/1474626998-26560-1328/Image_of_the_blackspot__.jpg,"Gets Cleared But Comes Back, This Is A Ward Boundary Area",,
467,http://mapunitygroups.com//uploads/tmp/1474627120-26560-5486/Image_of_the_blackspot__.jpg,Gets Cleared But Comes Back,,
468,http://mapunitygroups.com//uploads/tmp/1474627313-26560-1729/Image_of_the_blackspot__.jpg,"Bbmp/ Sweepers Dump Waste Here, Gets Cleared But Comes Back",,
469,http://mapunitygroups.com//uploads/tmp/1474627420-26560-9691/Image_of_the_blackspot__.jpg,Gets Cleared But Comes Back,,
470,http://mapunitygroups.com//uploads/tmp/1474627532-26560-0000/Image_of_the_blackspot__.jpg,Gets Cleared But Comes Back,,
471,http://mapunitygroups.com//uploads/tmp/1474627642-26560-6533/Image_of_the_blackspot__.jpg,Gets Cleared But Comes Back,,
472,http://mapunitygroups.com//uploads/tmp/1474627793-26560-3113/Image_of_the_blackspot__.jpg,Gets Cleared But Comes Back,,
473,http://mapunitygroups.com//uploads/tmp/1474627859-26560-0160/Image_of_the_blackspot__.jpg,Gets Cleared But Comes Back,,
474,http://mapunitygroups.com//uploads/tmp/1474627936-26560-4479/Image_of_the_blackspot__.jpg,Gets Cleared But Comes Back,,
475,http://mapunitygroups.com//uploads/tmp/1474628004-26560-6209/Image_of_the_blackspot__.jpg,Gets Cleared But Comes Back,,
476,http://mapunitygroups.com//uploads/tmp/1474628142-26560-7026/Image_of_the_blackspot__.jpg,Gets Cleared But Comes Back,,
477,http://mapunitygroups.com//uploads/tmp/1474628241-26560-7764/Image_of_the_blackspot__.jpg,Gets Cleared But Comes Back,,
478,http://mapunitygroups.com//uploads/tmp/1474628388-3361-3824/Image_of_the_blackspot__.jpg,Gets Cleared But Comes Back,,
479,http://mapunitygroups.com//uploads/tmp/1474628754-26560-5529/Image_of_the_blackspot__.jpg,Gets Cleared But Comes Back,,
480,http://mapunitygroups.com//uploads/tmp/1474628806-26560-5876/Image_of_the_blackspot__.jpg,Gets Cleared But Comes Back,,
481,http://mapunitygroups.com//uploads/tmp/1474628900-26560-8440/Image_of_the_blackspot__.jpg,Gets Cleared But Comes Back,,
482,http://mapunitygroups.com//uploads/tmp/1474629019-26560-8094/Image_of_the_blackspot__.jpg,"Gets Cleared But Comes Back, This Is A Ward Boundary Area",,
483,http://mapunitygroups.com//uploads/tmp/1474630096-26560-9955/Image_of_the_blackspot__.jpg,Gets Cleared But Comes Back,,
484,http://mapunitygroups.com//uploads/tmp/1474630228-26560-1565/Image_of_the_blackspot__.jpg,"Gets Cleared But Comes Back, This Is A Ward Boundary Area",,
485,http://mapunitygroups.com//uploads/tmp/1474630303-5220-6343/Image_of_the_blackspot__.jpg,"This is a ward boundary area, Never gets cleared",,
486,http://mapunitygroups.com//uploads/tmp/1474630372-26560-8766/Image_of_the_blackspot__.jpg,"This is a ward boundary area, Never gets cleared",,
487,http://mapunitygroups.com//uploads/tmp/1474632094-26560-3090/Image_of_the_blackspot__.jpg,This Is A Ward Boundary Area,,
488,http://mapunitygroups.com//uploads/tmp/1474632195-26560-6497/Image_of_the_blackspot__.jpg,This Is A Ward Boundary Area,,
489,http://mapunitygroups.com//uploads/tmp/1474633170-26560-1118/Image_of_the_blackspot__.jpg,"Gets Cleared But Comes Back, This Is A Ward Boundary Area",,
490,http://mapunitygroups.com//uploads/tmp/1474633714-3361-7769/Image_of_the_blackspot.jpg,Gets Cleared But Comes Back,,
491,http://mapunitygroups.com//uploads/tmp/1474633814-26560-1903/Image_of_the_blackspot.jpg,Gets Cleared But Comes Back,,
492,http://mapunitygroups.com//uploads/tmp/1474633965-3361-3900/Image_of_the_blackspot.jpg,"Bbmp/ Sweepers Dump Waste Here, It's A Lorry Transfer Point, Gets Cleared But Comes Back, Garbage Is Burnt Here Regularly",,
493,http://mapunitygroups.com//uploads/tmp/1474634044-3361-4145/Image_of_the_blackspot.jpg,Gets Cleared But Comes Back,,
494,http://mapunitygroups.com//uploads/tmp/1474634460-26560-7227/Image_of_the_blackspot.jpg,"Gets Cleared But Comes Back, This Is Mainly Leaf Litter",,
495,http://mapunitygroups.com//uploads/tmp/1474634541-26560-9713/Image_of_the_blackspot.jpg,Gets Cleared But Comes Back,,
496,http://mapunitygroups.com//uploads/tmp/1474634660-26560-0356/Image_of_the_blackspot.jpg,"Gets Cleared But Comes Back, This Is Mainly Leaf Litter",,
497,http://mapunitygroups.com//uploads/tmp/1474634726-26560-4094/Image_of_the_blackspot.jpg,Gets Cleared But Comes Back,,
498,http://mapunitygroups.com//uploads/tmp/1474634775-26560-2523/Image_of_the_blackspot.jpg,Gets Cleared But Comes Back,,
499,http://mapunitygroups.com//uploads/tmp/1474635096-26560-0710/Image_of_the_blackspot.jpg,This Is Mainly Leaf Litter,,
500,http://mapunitygroups.com//uploads/tmp/1474635180-16417-0430/Image_of_the_blackspot.jpg,Gets Cleared But Comes Back,,
501,http://mapunitygroups.com//uploads/tmp/1474635236-16417-0798/Image_of_the_blackspot.jpg,Gets Cleared But Comes Back,,
502,http://mapunitygroups.com//uploads/tmp/1474635292-26560-3142/Image_of_the_blackspot.jpg,"This Is A Ward Boundary Area, This Is Mainly Leaf Litter",,
503,http://mapunitygroups.com//uploads/tmp/1474635367-26560-5323/Image_of_the_blackspot.jpg,"Gets Cleared But Comes Back, This Is A Ward Boundary Area",,
504,http://mapunitygroups.com//uploads/tmp/1474635430-26560-0739/Image_of_the_blackspot.jpg,"Gets Cleared But Comes Back, This Is Mainly Leaf Litter",,
505,http://mapunitygroups.com//uploads/tmp/1474635562-26560-6946/Image_of_the_blackspot.jpg,Gets Cleared But Comes Back,,
506,http://mapunitygroups.com//uploads/tmp/1474635566-26560-5196/1474635558658.jpg,"BBMP/ sweepers dump waste here, Gets cleared but comes back, Garbage is burnt here regularly",,
507,http://mapunitygroups.com//uploads/tmp/1474635590-26560-0827/Image_of_the_blackspot.jpg,"Garbage Is Burnt Here Regularly, Gets Cleared But Comes Back",,
508,http://mapunitygroups.com//uploads/tmp/1474635674-26560-9074/Image_of_the_blackspot.jpg,"Gets Cleared But Comes Back, This Is Mainly Leaf Litter",,
509,http://mapunitygroups.com//uploads/tmp/1474635740-26560-7391/Image_of_the_blackspot.jpg,Gets Cleared But Comes Back,,
510,http://mapunitygroups.com//uploads/tmp/1474635790-26560-6179/Image_of_the_blackspot.jpg,"Gets Cleared But Comes Back, This Is Mainly Leaf Litter",,
511,http://mapunitygroups.com//uploads/tmp/1474635834-26560-1153/Image_of_the_blackspot.jpg,"Gets Cleared But Comes Back, This Is Mainly Leaf Litter",,
512,http://mapunitygroups.com//uploads/tmp/1474636495-16417-0856/1474636438119.jpg,Other (Update as a comment after approval),,
513,http://mapunitygroups.com//uploads/tmp/1474638010-18762-3993/Image_of_the_blackspot.jpg,"Gets Cleared But Comes Back, This Is A Ward Boundary Area",,
514,http://mapunitygroups.com//uploads/tmp/1474638165-26560-2798/1474638107505.jpg,Never gets cleared,,
515,http://mapunitygroups.com//uploads/tmp/1474638225-18762-1751/Image_of_the_blackspot.jpg,"Gets Cleared But Comes Back, This Is A Ward Boundary Area",,
516,http://mapunitygroups.com//uploads/tmp/1474638287-26560-6219/1474638194061.jpg,This is a ward boundary area,,
517,http://mapunitygroups.com//uploads/tmp/1474638326-18762-3217/Image_of_the_blackspot.jpg,Gets Cleared But Comes Back,,
518,http://mapunitygroups.com//uploads/tmp/1474638427-26560-9884/Image_of_the_blackspot.jpg,Gets Cleared But Comes Back,,
519,http://mapunitygroups.com//uploads/tmp/1474638523-18762-2920/Image_of_the_blackspot.jpg,"Gets Cleared But Comes Back, This Is A Ward Boundary Area",,
520,http://mapunitygroups.com//uploads/tmp/1474638597-26560-5998/Image_of_the_blackspot.jpg,Gets Cleared But Comes Back,,
521,http://mapunitygroups.com//uploads/tmp/1474638699-26560-2934/Image_of_the_blackspot.jpg,"Gets Cleared But Comes Back, Bbmp/ Sweepers Dump Waste Here",,
522,http://mapunitygroups.com//uploads/tmp/1474640628-26560-3035/Image_of_the_blackspot.jpg,Gets Cleared But Comes Back,,
523,http://mapunitygroups.com//uploads/tmp/1474640678-26560-2913/Image_of_the_blackspot.jpg,"Gets cleared but comes back, This is a ward boundary area",,
524,http://mapunitygroups.com//uploads/tmp/1474640745-26560-5964/Image_of_the_blackspot.jpg,"Gets Cleared But Comes Back, This Is A Ward Boundary Area",,
525,http://mapunitygroups.com//uploads/tmp/1474640830-26560-9510/Image_of_the_blackspot.jpg,Gets cleared but comes back,,
526,http://mapunitygroups.com//uploads/tmp/1474640965-26560-9339/Image_of_the_blackspot.jpg,Gets Cleared But Comes Back,,
527,http://mapunitygroups.com//uploads/tmp/1474641421-26560-6276/Image_of_the_blackspot.jpg,Gets Cleared But Comes Back,,
528,http://mapunitygroups.com//uploads/tmp/1474641485-26560-8970/Image_of_the_blackspot.jpg,Gets Cleared But Comes Back,,
529,http://mapunitygroups.com//uploads/tmp/1474641527-26560-7637/Image_of_the_blackspot.jpg,Gets Cleared But Comes Back,,
530,http://mapunitygroups.com//uploads/tmp/1474641659-26560-6755/Image_of_the_blackspot.jpg,Gets Cleared But Comes Back,,
531,http://mapunitygroups.com//uploads/tmp/1474641712-26560-6395/Image_of_the_blackspot.jpg,Gets Cleared But Comes Back,,
532,http://mapunitygroups.com//uploads/tmp/1474641828-26560-1994/Image_of_the_blackspot.jpg,Never Gets Cleared,,
533,http://mapunitygroups.com//uploads/tmp/1474648278-26560-6145/1474648081530.jpg,"Garbage is burnt here regularly, Other (Update as a comment after approval)",,
534,http://mapunitygroups.com//uploads/tmp/1474648465-26560-6482/Image_of_the_blackspot__.jpg,"Bbmp/ Sweepers Dump Waste Here, Gets Cleared But Comes Back, Garbage Is Burnt Here Regularly",,
535,http://mapunitygroups.com//uploads/tmp/1474648665-26560-7361/Image_of_the_blackspot__.jpg,Never Gets Cleared,,
536,http://mapunitygroups.com//uploads/tmp/1474648826-26560-0849/Image_of_the_blackspot__.jpg,"Bbmp/ Sweepers Dump Waste Here, Gets Cleared But Comes Back",,
537,http://mapunitygroups.com//uploads/tmp/1474649121-26560-4990/1474648985256.jpg,"BBMP/ sweepers dump waste here, Gets cleared but comes back, Garbage is burnt here regularly, Other (Update as a comment after approval)",,
538,http://mapunitygroups.com//uploads/tmp/1474649308-26560-4991/Image_of_the_blackspot__.jpg,"Bbmp/ Sweepers Dump Waste Here, Never Gets Cleared",,
539,http://mapunitygroups.com//uploads/tmp/1474649489-26560-4823/1474649368377.jpg,"This is a ward boundary area, Never gets cleared, Other (Update as a comment after approval)",,
540,http://mapunitygroups.com//uploads/tmp/1474649510-26560-0424/Image_of_the_blackspot__.jpg,Garbage Is Burnt Here Regularly,,
541,http://mapunitygroups.com//uploads/tmp/1474649596-25310-1564/1474649482692.jpg,"Garbage is burnt here regularly, Never gets cleared, Other (Update as a comment after approval)",,
542,http://mapunitygroups.com//uploads/tmp/1474649729-25310-7377/1474649631949.jpg,"Garbage is burnt here regularly, Never gets cleared",,
543,http://mapunitygroups.com//uploads/tmp/1474649826-26560-4722/1474649717459.jpg,"Garbage is burnt here regularly, Bin present, people still dump outside, Never gets cleared, Other (Update as a comment after approval)",,
544,http://mapunitygroups.com//uploads/tmp/1474650092-26560-9444/1474649985193.jpg,"Bin present, people still dump outside, Never gets cleared, Other (Update as a comment after approval)",,
545,http://mapunitygroups.com//uploads/tmp/1474650200-26560-2978/1474650088558.jpg,"Gets cleared but comes back, Other (Update as a comment after approval)",,
546,http://mapunitygroups.com//uploads/tmp/1474650447-26560-1445/Image_of_the_blackspot.jpg,"Bbmp/ Sweepers Dump Waste Here, Gets Cleared But Comes Back, Garbage Is Burnt Here Regularly",,
547,http://mapunitygroups.com//uploads/tmp/1474653316-26560-0581/Image_of_the_blackspot.jpg,Bbmp Auto/Pushcart Is Parked Here,,
548,http://mapunitygroups.com//uploads/tmp/1474653436-26560-3654/Image_of_the_blackspot.jpg,Gets Cleared But Comes Back,,
549,http://mapunitygroups.com//uploads/tmp/1474653519-30945-1384/Image_of_the_blackspot.jpg,Gets Cleared But Comes Back,,
550,http://mapunitygroups.com//uploads/tmp/1474653640-26560-5292/Image_of_the_blackspot.jpg,Gets Cleared But Comes Back,,
551,http://mapunitygroups.com//uploads/tmp/1474653704-26560-8383/Image_of_the_blackspot.jpg,Gets Cleared But Comes Back,,
552,http://mapunitygroups.com//uploads/tmp/1474653790-26560-2719/Image_of_the_blackspot.jpg,Never Gets Cleared,,
553,http://mapunitygroups.com//uploads/tmp/1474653903-26560-9765/Image_of_the_blackspot.jpg,Gets Cleared But Comes Back,,
554,http://mapunitygroups.com//uploads/tmp/1474653985-30945-2603/Image_of_the_blackspot.jpg,"Gets Cleared But Comes Back, This Is A Ward Boundary Area",,
555,http://mapunitygroups.com//uploads/tmp/1474654048-26560-3243/Image_of_the_blackspot.jpg,Gets Cleared But Comes Back,,
556,http://mapunitygroups.com//uploads/tmp/1474654171-26560-8973/Image_of_the_blackspot.jpg,Gets Cleared But Comes Back,,
557,http://mapunitygroups.com//uploads/tmp/1474654246-26560-9872/Image_of_the_blackspot.jpg,Gets Cleared But Comes Back,,
558,http://mapunitygroups.com//uploads/tmp/1474681745-26560-6464/1474681724193.jpg,Never gets cleared,,
559,http://mapunitygroups.com//uploads/tmp/1474682055-26560-1560/1474681996896.jpg,"Garbage is burnt here regularly, Never gets cleared",,
560,http://mapunitygroups.com//uploads/tmp/1474682255-26560-7898/1474682206911.jpg,"Garbage is burnt here regularly, Never gets cleared",,
561,http://mapunitygroups.com//uploads/tmp/1474682540-26560-4690/1474682511678.jpg,"Never gets cleared, Other (Update as a comment after approval)",,
562,http://mapunitygroups.com//uploads/tmp/1474682906-26560-1928/1474682896411.jpg,Gets cleared but comes back,,
563,http://mapunitygroups.com//uploads/tmp/1474683215-19044-3797/1474683195818.jpg,"Garbage is burnt here regularly, Never gets cleared",,
564,http://mapunitygroups.com//uploads/tmp/1474683346-26560-5740/1474683335975.jpg,Gets cleared but comes back,,
565,http://mapunitygroups.com//uploads/tmp/1474683614-26560-3469/1474683561011.jpg,Never gets cleared,,
566,http://mapunitygroups.com//uploads/tmp/1474684077-19044-4371/mapunity_1474684057275,Never gets cleared,,
567,http://mapunitygroups.com//uploads/tmp/1474684439-26560-7514/1474684372066.jpg,Never gets cleared,,
568,http://mapunitygroups.com//uploads/tmp/1474684991-19044-3342/1474684935730.jpg,Never gets cleared,,
569,http://mapunitygroups.com//uploads/tmp/1474685160-26560-6696/1474685107325.jpg,"Gets cleared but comes back, Garbage is burnt here regularly",,
570,http://mapunitygroups.com//uploads/tmp/1474688781-26560-4084/Image_of_the_blackspot.jpg,Bbmp/ Sweepers Dump Waste Here,,
571,http://mapunitygroups.com//uploads/tmp/1474688850-26560-4326/Image_of_the_blackspot.jpg,Bbmp/ Sweepers Dump Waste Here,,
572,http://mapunitygroups.com//uploads/tmp/1474691126-25122-6522/Image_of_the_blackspot.jpg,Bbmp/ Sweepers Dump Waste Here,,
573,http://mapunitygroups.com//uploads/tmp/1474691589-25122-1001/Image_of_the_blackspot.jpg,Bbmp/ Sweepers Dump Waste Here,,
574,http://mapunitygroups.com//uploads/tmp/1474692289-26560-9616/1474692241881.jpg,Gets cleared but comes back,,
575,http://mapunitygroups.com//uploads/tmp/1474692390-23822-0332/1474692353030.jpg,Gets cleared but comes back,,
576,http://mapunitygroups.com//uploads/tmp/1474692542-26560-8530/Image_of_the_blackspot.jpg,Bbmp/ Sweepers Dump Waste Here,,
577,http://mapunitygroups.com//uploads/tmp/1474692573-25142-9118/Image_of_the_blackspot.jpg,Bbmp/ Sweepers Dump Waste Here,,
578,http://mapunitygroups.com//uploads/tmp/1474692665-23822-2065/Image_of_the_blackspot.jpg,Bbmp/ Sweepers Dump Waste Here,,
579,http://mapunitygroups.com//uploads/tmp/1474692738-23822-1728/Image_of_the_blackspot.jpg,Gets Cleared But Comes Back,,
580,http://mapunitygroups.com//uploads/tmp/1474693337-26560-7858/Image_of_the_blackspot.jpg,Bbmp/ Sweepers Dump Waste Here,,
581,http://mapunitygroups.com//uploads/tmp/1474693388-25142-2490/Image_of_the_blackspot.jpg,Bbmp/ Sweepers Dump Waste Here,,
582,http://mapunitygroups.com//uploads/tmp/1474693531-26560-5282/Image_of_the_blackspot.jpg,Gets cleared but comes back,,
583,http://mapunitygroups.com//uploads/tmp/1474694240-23822-7970/Image_of_the_blackspot.jpg,Bbmp/ Sweepers Dump Waste Here,,
584,http://mapunitygroups.com//uploads/tmp/1474694424-25122-6586/Image_of_the_blackspot.jpg,"It's A Lorry Transfer Point, Gets Cleared But Comes Back",,
585,http://mapunitygroups.com//uploads/tmp/1474694526-23822-6149/Image_of_the_blackspot.jpg,Gets Cleared But Comes Back,,
586,http://mapunitygroups.com//uploads/tmp/1474694583-26560-5560/Image_of_the_blackspot.jpg,Bbmp/ Sweepers Dump Waste Here,,
587,http://mapunitygroups.com//uploads/tmp/1474694839-26560-5363/Image_of_the_blackspot.jpg,Other (Update As A Comment After Approval),,
588,http://mapunitygroups.com//uploads/tmp/1474695030-23822-5541/Image_of_the_blackspot.jpg,Bbmp/ Sweepers Dump Waste Here,,
589,http://mapunitygroups.com//uploads/tmp/1474695080-26560-2647/Image_of_the_blackspot.jpg,Bbmp/ Sweepers Dump Waste Here,,
590,http://mapunitygroups.com//uploads/tmp/1474695184-26560-5883/1474695065650.jpg,Never gets cleared,,
591,http://mapunitygroups.com//uploads/tmp/1474695204-28016-4607/Image_of_the_blackspot.jpg,Other (Update As A Comment After Approval),,
592,http://mapunitygroups.com//uploads/tmp/1474695358-26560-9547/Image_of_the_blackspot.jpg,This Is Mainly Leaf Litter,,
593,http://mapunitygroups.com//uploads/tmp/1474695478-26560-4333/Image_of_the_blackspot.jpg,Gets Cleared But Comes Back,,
594,http://mapunitygroups.com//uploads/tmp/1474695545-26560-1115/Image_of_the_blackspot.jpg,This Is Mainly Leaf Litter,,
595,http://mapunitygroups.com//uploads/tmp/1474695772-23822-1136/Image_of_the_blackspot.jpg,Never Gets Cleared,,
596,http://mapunitygroups.com//uploads/tmp/1474695975-26560-2123/1474695957052.jpg,"This is mainly leaf litter, Never gets cleared, Other (Update as a comment after approval)",,
597,http://mapunitygroups.com//uploads/tmp/1474696039-26560-3890/Image_of_the_blackspot.jpg,"Gets Cleared But Comes Back, This Is A Ward Boundary Area",,
598,http://mapunitygroups.com//uploads/tmp/1474696062-26560-2727/Image_of_the_blackspot.jpg,Never Gets Cleared,,
599,http://mapunitygroups.com//uploads/tmp/1474696099-26560-0909/1474696063344.jpg,Gets cleared but comes back,,
600,http://mapunitygroups.com//uploads/tmp/1474696188-26560-5074/Image_of_the_blackspot.jpg,"Gets Cleared But Comes Back, This Is A Ward Boundary Area",,
601,http://mapunitygroups.com//uploads/tmp/1474696258-26560-9909/Image_of_the_blackspot.jpg,Bbmp/ Sweepers Dump Waste Here,,
602,http://mapunitygroups.com//uploads/tmp/1474696290-26560-8067/Image_of_the_blackspot.jpg,"Gets Cleared But Comes Back, This Is A Ward Boundary Area",,
603,http://mapunitygroups.com//uploads/tmp/1474696350-23822-4834/Image_of_the_blackspot.jpg,"Gets Cleared But Comes Back, This Is A Ward Boundary Area",,
604,http://mapunitygroups.com//uploads/tmp/1474696438-23822-2291/Image_of_the_blackspot.jpg,"Gets Cleared But Comes Back, It's A Lorry Transfer Point, Bbmp Auto/Pushcart Is Parked Here",,
605,http://mapunitygroups.com//uploads/tmp/1474696489-29175-1374/1474696448527.jpg,Gets cleared but comes back,,
606,http://mapunitygroups.com//uploads/tmp/1474696525-26560-0794/Image_of_the_blackspot.jpg,"It's A Lorry Transfer Point, Gets Cleared But Comes Back, Bbmp Auto/Pushcart Is Parked Here",,
607,http://mapunitygroups.com//uploads/tmp/1474696594-23822-0310/Image_of_the_blackspot.jpg,Bbmp/ Sweepers Dump Waste Here,,
608,http://mapunitygroups.com//uploads/tmp/1474697119-26560-4467/1474697050427.jpg,Never gets cleared,,
609,http://mapunitygroups.com//uploads/tmp/1474697320-26560-4001/1474697269207.jpg,BBMP/ sweepers dump waste here,,
610,http://mapunitygroups.com//uploads/tmp/1474697443-26560-8596/1474697364631.jpg,Never gets cleared,,
611,http://mapunitygroups.com//uploads/tmp/1474697505-26560-4796/1474697464329.jpg,"Gets cleared but comes back, BBMP auto/pushcart is parked here",,
612,http://mapunitygroups.com//uploads/tmp/1474697671-26560-6590/1474697582744.jpg,Never gets cleared,,
613,http://mapunitygroups.com//uploads/tmp/1474697870-26560-3690/1474697820600.jpg,"Gets cleared but comes back, BBMP auto/pushcart is parked here",,
614,http://mapunitygroups.com//uploads/tmp/1474698628-26560-9980/1474698498296.jpg,Never gets cleared,,
615,http://mapunitygroups.com//uploads/tmp/1474698864-26560-6158/1474698743176.jpg,Never gets cleared,,
616,http://mapunitygroups.com//uploads/tmp/1474700042-32360-5073/1474699966911.jpg,Never gets cleared,,
617,http://mapunitygroups.com//uploads/tmp/1474700284-26560-0788/1474700278652.jpg,This is mainly leaf litter,,
618,http://mapunitygroups.com//uploads/tmp/1474700343-26560-4598/Image_of_the_blackspot.jpg,Gets Cleared But Comes Back,,
619,http://mapunitygroups.com//uploads/tmp/1474700721-26560-0852/mapunity_1474700679542,Gets cleared but comes back,,
620,http://mapunitygroups.com//uploads/tmp/1474701421-26560-2898/Image_of_the_blackspot.jpg,Gets Cleared But Comes Back,,
621,http://mapunitygroups.com//uploads/tmp/1474701673-1800-0423/Image_of_the_blackspot.jpg,Gets Cleared But Comes Back,,
622,http://mapunitygroups.com//uploads/tmp/1474701756-26560-5119/Image_of_the_blackspot.jpg,Gets Cleared But Comes Back,,
623,http://mapunitygroups.com//uploads/tmp/1474701843-1800-1540/Image_of_the_blackspot.jpg,Gets Cleared But Comes Back,,
624,http://mapunitygroups.com//uploads/tmp/1474701920-1800-9040/Image_of_the_blackspot.jpg,Never Gets Cleared,,
625,http://mapunitygroups.com//uploads/tmp/1474701927-26560-5656/1474701884551.jpg,BBMP/ sweepers dump waste here,,
626,http://mapunitygroups.com//uploads/tmp/1474706746-26560-4528/1.jpg,"BBMP/ sweepers dump waste here, Gets cleared but comes back",,
627,http://mapunitygroups.com//uploads/tmp/1474706852-26560-2502/1.jpg,Never gets cleared,,
628,http://mapunitygroups.com//uploads/tmp/1474706955-26560-2733/1.jpg,Never gets cleared,,
629,http://mapunitygroups.com//uploads/tmp/1474707060-26560-5885/1.jpg,Never gets cleared,,
630,http://mapunitygroups.com//uploads/tmp/1474707137-26560-7136/1.jpg,"It's a lorry transfer point, BBMP/ sweepers dump waste here, Gets cleared but comes back, Garbage is burnt here regularly",,
631,http://mapunitygroups.com//uploads/tmp/1474706145-26560-9351/Photo_24-09-16__10_59_21_AM.jpg,Never gets cleared,,
632,http://mapunitygroups.com//uploads/tmp/1474706228-5668-1940/Photo_24-09-16__10_59_37_AM.jpg,Gets cleared but comes back,,
633,http://mapunitygroups.com//uploads/tmp/1474706335-6072-3132/Photo_24-09-16__11_00_24_AM.jpg,Gets cleared but comes back,,
634,http://mapunitygroups.com//uploads/tmp/1474707258-26560-2613/1.jpg,Never gets cleared,,
635,http://mapunitygroups.com//uploads/tmp/1474708035-26560-5177/Image_of_the_blackspot.jpg,Gets Cleared But Comes Back,,
636,http://mapunitygroups.com//uploads/tmp/1474708109-26560-3105/Image_of_the_blackspot.jpg,Never Gets Cleared,,
637,http://mapunitygroups.com//uploads/tmp/1474708235-26560-9702/Image_of_the_blackspot.jpg,Gets Cleared But Comes Back,,
638,http://mapunitygroups.com//uploads/tmp/1474708298-7500-4921/Image_of_the_blackspot.jpg,Gets cleared but comes back,,
639,http://mapunitygroups.com//uploads/tmp/1474708376-26560-0504/Image_of_the_blackspot.jpg,Gets cleared but comes back,,
640,http://mapunitygroups.com//uploads/tmp/1474708466-26560-6284/Image_of_the_blackspot.jpg,Never gets cleared,,
641,http://mapunitygroups.com//uploads/tmp/1474709344-26560-5486/Image_of_the_blackspot.jpg,Never Gets Cleared,,
642,http://mapunitygroups.com//uploads/tmp/1474709398-26560-2709/Image_of_the_blackspot.jpg,Never Gets Cleared,,
643,http://mapunitygroups.com//uploads/tmp/1474709477-26560-3482/Image_of_the_blackspot.jpg,Gets Cleared But Comes Back,,
644,http://mapunitygroups.com//uploads/tmp/1474709537-26560-2773/1474709503301.jpg,"BBMP/ sweepers dump waste here, Gets cleared but comes back",,
645,http://mapunitygroups.com//uploads/tmp/1474709571-26560-4953/Image_of_the_blackspot.jpg,Gets Cleared But Comes Back,,
646,http://mapunitygroups.com//uploads/tmp/1474709649-26560-4294/Image_of_the_blackspot.jpg,Gets Cleared But Comes Back,,
647,http://mapunitygroups.com//uploads/tmp/1474709755-26560-7913/Image_of_the_blackspot.jpg,Gets Cleared But Comes Back,,
648,http://mapunitygroups.com//uploads/tmp/1474709795-26560-2485/Image_of_the_blackspot.jpg,Gets Cleared But Comes Back,,
649,http://mapunitygroups.com//uploads/tmp/1474709903-26560-8895/Image_of_the_blackspot.jpg,Never Gets Cleared,,
650,http://mapunitygroups.com//uploads/tmp/1474709999-26560-8958/Image_of_the_blackspot.jpg,Never Gets Cleared,,
651,http://mapunitygroups.com//uploads/tmp/1474710079-26560-2678/Image_of_the_blackspot.jpg,Gets Cleared But Comes Back,,
652,http://mapunitygroups.com//uploads/tmp/1474710261-26560-0573/Image_of_the_blackspot.jpg,BBMP auto/pushcart is parked here,,
653,http://mapunitygroups.com//uploads/tmp/1474713201-26560-8891/Image_of_the_blackspot.jpg,"Gets Cleared But Comes Back, This Is A Ward Boundary Area",,
654,http://mapunitygroups.com//uploads/tmp/1474713309-26560-8106/Image_of_the_blackspot.jpg,Never Gets Cleared,,
655,http://mapunitygroups.com//uploads/tmp/1474713370-26560-9262/Image_of_the_blackspot.jpg,"Gets cleared but comes back, This is a ward boundary area",,
656,http://mapunitygroups.com//uploads/tmp/1474713480-26560-0388/Image_of_the_blackspot.jpg,"Gets cleared but comes back, This is a ward boundary area",,
657,http://mapunitygroups.com//uploads/tmp/1474713691-26560-8925/Image_of_the_blackspot.jpg,"Gets Cleared But Comes Back, This Is A Ward Boundary Area",,
658,http://mapunitygroups.com//uploads/tmp/1474713751-26560-8430/Image_of_the_blackspot.jpg,"Gets Cleared But Comes Back, This Is A Ward Boundary Area",,
659,http://mapunitygroups.com//uploads/tmp/1474713808-26560-0066/Image_of_the_blackspot.jpg,"Gets Cleared But Comes Back, This Is A Ward Boundary Area",,
660,http://mapunitygroups.com//uploads/tmp/1474713885-12117-8161/Image_of_the_blackspot.jpg,"Never Gets Cleared, This Is A Ward Boundary Area",,
661,http://mapunitygroups.com//uploads/tmp/1474714002-12201-7476/Image_of_the_blackspot.jpg,"Never Gets Cleared, This Is A Ward Boundary Area",,
662,http://mapunitygroups.com//uploads/tmp/1474714080-11634-3635/Image_of_the_blackspot.jpg,"Gets Cleared But Comes Back, This Is A Ward Boundary Area",,
663,http://mapunitygroups.com//uploads/tmp/1474714151-11634-3759/Image_of_the_blackspot.jpg,"This Is A Ward Boundary Area, Gets Cleared But Comes Back",,
664,http://mapunitygroups.com//uploads/tmp/1474714244-11634-3756/Image_of_the_blackspot.jpg,"This Is A Ward Boundary Area, Never Gets Cleared",,
665,http://mapunitygroups.com//uploads/tmp/1474714309-26560-2819/Image_of_the_blackspot.jpg,"Gets Cleared But Comes Back, Bbmp/ Sweepers Dump Waste Here, Bbmp Auto/Pushcart Is Parked Here",,
666,http://mapunitygroups.com//uploads/tmp/1474714389-26560-6837/Image_of_the_blackspot.jpg,Gets Cleared But Comes Back,,
667,http://mapunitygroups.com//uploads/tmp/1474714462-26560-1950/Image_of_the_blackspot.jpg,Gets Cleared But Comes Back,,
668,http://mapunitygroups.com//uploads/tmp/1474714532-26560-0883/Image_of_the_blackspot.jpg,Gets Cleared But Comes Back,,
669,http://mapunitygroups.com//uploads/tmp/1474714599-26560-4563/Image_of_the_blackspot.jpg,Never Gets Cleared,,
670,http://mapunitygroups.com//uploads/tmp/1474714712-26560-0933/Image_of_the_blackspot.jpg,Gets Cleared But Comes Back,,
671,http://mapunitygroups.com//uploads/tmp/1474714743-26560-1631/Image_of_the_blackspot.jpg,"Gets Cleared But Comes Back, Other (Update As A Comment After Approval)",,
672,http://mapunitygroups.com//uploads/tmp/1474714786-26560-3662/Image_of_the_blackspot.jpg,Never Gets Cleared,,
673,http://mapunitygroups.com//uploads/tmp/1474714845-26560-1888/Image_of_the_blackspot.jpg,Gets Cleared But Comes Back,,
674,http://mapunitygroups.com//uploads/tmp/1474717416-26560-3489/Image_of_the_blackspot.jpg,Gets cleared but comes back,,
675,http://mapunitygroups.com//uploads/tmp/1474717471-26560-1762/Image_of_the_blackspot.jpg,"Gets Cleared But Comes Back, Bbmp/ Sweepers Dump Waste Here",,
676,http://mapunitygroups.com//uploads/tmp/1474717801-26560-1901/Image_of_the_blackspot.jpg,Never Gets Cleared,,
677,http://mapunitygroups.com//uploads/tmp/1474717889-26560-8784/Image_of_the_blackspot.jpg,Never gets cleared,,
678,http://mapunitygroups.com//uploads/tmp/1474718010-26560-1705/Image_of_the_blackspot.jpg,"It's A Lorry Transfer Point, Gets Cleared But Comes Back, Bbmp/ Sweepers Dump Waste Here, Bbmp Auto/Pushcart Is Parked Here",,
679,http://mapunitygroups.com//uploads/tmp/1474718102-26560-8938/Image_of_the_blackspot.jpg,Gets cleared but comes back,,
680,http://mapunitygroups.com//uploads/tmp/1474718177-26560-5971/Image_of_the_blackspot.jpg,Gets Cleared But Comes Back,,
681,http://mapunitygroups.com//uploads/tmp/1474718301-26560-5363/Image_of_the_blackspot.jpg,Never gets cleared,,
682,http://mapunitygroups.com//uploads/tmp/1474718341-26560-7166/Image_of_the_blackspot.jpg,Never Gets Cleared,,
683,http://mapunitygroups.com//uploads/tmp/1474719115-26560-8516/Image_of_the_blackspot.jpg,Gets cleared but comes back,,
684,http://mapunitygroups.com//uploads/tmp/1474719175-26560-2158/Image_of_the_blackspot.jpg,Gets cleared but comes back,,
685,http://mapunitygroups.com//uploads/tmp/1474719246-26560-1197/1474719124282.jpg,"Gets cleared but comes back, Garbage is burnt here regularly",,
686,http://mapunitygroups.com//uploads/tmp/1474719349-26560-2710/Image_of_the_blackspot.jpg,Gets cleared but comes back,,
687,http://mapunitygroups.com//uploads/tmp/1474719432-16080-0540/Image_of_the_blackspot.jpg,Gets Cleared But Comes Back,,
688,http://mapunitygroups.com//uploads/tmp/1474719865-26560-4405/1474719806099.jpg,"Gets cleared but comes back, Other (Update as a comment after approval)",,
689,http://mapunitygroups.com//uploads/tmp/1474720014-26560-5203/1474719927790.jpg,"Gets cleared but comes back, Other (Update as a comment after approval)",,
690,http://mapunitygroups.com//uploads/tmp/1474720095-26560-7191/Image_of_the_blackspot.jpg,Gets Cleared But Comes Back,,
691,http://mapunitygroups.com//uploads/tmp/1474720141-26560-9125/Image_of_the_blackspot.jpg,Gets Cleared But Comes Back,,
692,http://mapunitygroups.com//uploads/tmp/1474720188-26560-2962/1474720086847.jpg,Other (Update as a comment after approval),,
693,http://mapunitygroups.com//uploads/tmp/1474720218-26560-8409/Image_of_the_blackspot.jpg,Never Gets Cleared,,
694,http://mapunitygroups.com//uploads/tmp/1474720267-26560-2641/Image_of_the_blackspot.jpg,Never Gets Cleared,,
695,http://mapunitygroups.com//uploads/tmp/1474720286-26560-7556/1474720232180.jpg,Never gets cleared,,
696,http://mapunitygroups.com//uploads/tmp/1474720374-26560-0936/Image_of_the_blackspot.jpg,Gets Cleared But Comes Back,,
697,http://mapunitygroups.com//uploads/tmp/1474720451-26560-7394/Image_of_the_blackspot.jpg,"Bbmp/ Sweepers Dump Waste Here, Gets Cleared But Comes Back, It's A Lorry Transfer Point, Bbmp Auto/Pushcart Is Parked Here",,
698,http://mapunitygroups.com//uploads/tmp/1474720525-26560-3232/Image_of_the_blackspot.jpg,Gets Cleared But Comes Back,,
699,http://mapunitygroups.com//uploads/tmp/1474720570-26560-9050/1474720319005.jpg,Garbage is burnt here regularly,,
700,http://mapunitygroups.com//uploads/tmp/1474720600-26560-9886/Image_of_the_blackspot.jpg,Gets Cleared But Comes Back,,
701,http://mapunitygroups.com//uploads/tmp/1474720677-26560-4746/Image_of_the_blackspot.jpg,Gets Cleared But Comes Back,,
702,http://mapunitygroups.com//uploads/tmp/1474720706-26560-4334/1474720626328.jpg,Other (Update as a comment after approval),,
703,http://mapunitygroups.com//uploads/tmp/1474722997-26560-8959/Image_of_the_blackspot.jpg,Gets Cleared But Comes Back,,
704,http://mapunitygroups.com//uploads/tmp/1474723115-26560-3715/Image_of_the_blackspot.jpg,Gets Cleared But Comes Back,,
705,http://mapunitygroups.com//uploads/tmp/1474723224-19328-4847/Image_of_the_blackspot.jpg,Gets Cleared But Comes Back,,
706,http://mapunitygroups.com//uploads/tmp/1474723312-26560-3249/Image_of_the_blackspot.jpg,Gets cleared but comes back,,
707,http://mapunitygroups.com//uploads/tmp/1474723446-26560-7574/Image_of_the_blackspot.jpg,"Gets Cleared But Comes Back, This Is A Ward Boundary Area",,
708,http://mapunitygroups.com//uploads/tmp/1474723559-26560-5067/Image_of_the_blackspot.jpg,"Gets cleared but comes back, This is a ward boundary area",,
709,http://mapunitygroups.com//uploads/tmp/1474723612-26560-2210/Image_of_the_blackspot.jpg,"This is a ward boundary area, Never gets cleared",,
710,http://mapunitygroups.com//uploads/tmp/1474724027-26560-4247/Image_of_the_blackspot.jpg,"This Is A Ward Boundary Area, Never Gets Cleared",,
711,http://mapunitygroups.com//uploads/tmp/1474724128-26560-1960/Image_of_the_blackspot.jpg,Never Gets Cleared,,
712,http://mapunitygroups.com//uploads/tmp/1474724211-26560-1548/Image_of_the_blackspot.jpg,Gets Cleared But Comes Back,,
713,http://mapunitygroups.com//uploads/tmp/1474724287-26560-6300/Image_of_the_blackspot.jpg,Gets Cleared But Comes Back,,
714,http://mapunitygroups.com//uploads/tmp/1474724358-26560-5131/Image_of_the_blackspot.jpg,Gets Cleared But Comes Back,,
715,http://mapunitygroups.com//uploads/tmp/1474724390-26560-1790/1474724311024.jpg,Other (Update as a comment after approval),,
716,http://mapunitygroups.com//uploads/tmp/1474724430-26560-8889/Image_of_the_blackspot.jpg,Gets Cleared But Comes Back,,
717,http://mapunitygroups.com//uploads/tmp/1474724469-26560-3599/1474724427372.jpg,Garbage is burnt here regularly,,
718,http://mapunitygroups.com//uploads/tmp/1474724514-26560-7560/Image_of_the_blackspot.jpg,"Gets Cleared But Comes Back, This Is A Ward Boundary Area",,
719,http://mapunitygroups.com//uploads/tmp/1474724540-26560-8225/1474724492269.jpg,Never gets cleared,,
720,http://mapunitygroups.com//uploads/tmp/1474724706-20342-9487/1474724641919.jpg,Other (Update as a comment after approval),,
721,http://mapunitygroups.com//uploads/tmp/1474724785-26560-8092/1474724740700.jpg,Gets cleared but comes back,,
722,http://mapunitygroups.com//uploads/tmp/1474724830-26560-0244/1474724792657.jpg,Garbage is burnt here regularly,,
723,http://mapunitygroups.com//uploads/tmp/1474724860-26560-1372/Image_of_the_blackspot.jpg,"Gets Cleared But Comes Back, This Is A Ward Boundary Area",,
724,http://mapunitygroups.com//uploads/tmp/1474724938-26560-0738/1474724873935.jpg,Gets cleared but comes back,,
725,http://mapunitygroups.com//uploads/tmp/1474725003-26560-5816/1474724948260.jpg,Gets cleared but comes back,,
726,http://mapunitygroups.com//uploads/tmp/1474733216-26989-2578/1474732796664.jpg,Gets cleared but comes back,,
727,http://mapunitygroups.com//uploads/tmp/1474770094-18628-8320/1474770070152.jpg,Gets cleared but comes back,,
728,http://mapunitygroups.com//uploads/tmp/1474770650-22761-1286/1474770626711.jpg,"Gets cleared but comes back, Garbage is burnt here regularly",,
729,http://mapunitygroups.com//uploads/tmp/1474771063-18628-3694/1474771055345.jpg,"Never gets cleared, Other (Update as a comment after approval)",,
730,http://mapunitygroups.com//uploads/tmp/1474771230-18628-6972/1474771217963.jpg,Never gets cleared,,
731,http://mapunitygroups.com//uploads/tmp/1474771605-18628-8471/1474771587465.jpg,"Never gets cleared, Other (Update as a comment after approval)",,
732,http://mapunitygroups.com//uploads/tmp/1474772175-18628-9909/1474772166342.jpg,"BBMP/ sweepers dump waste here, Gets cleared but comes back, Garbage is burnt here regularly",,
733,http://mapunitygroups.com//uploads/tmp/1474772330-18628-8156/1474772321687.jpg,"Garbage is burnt here regularly, Never gets cleared",,
734,http://mapunitygroups.com//uploads/tmp/1474772422-18628-0193/1474772374536.jpg,"Garbage is burnt here regularly, Never gets cleared, Other (Update as a comment after approval)",,
735,http://mapunitygroups.com//uploads/tmp/1474780486-18628-6088/1474780430994.jpg,"Gets cleared but comes back, Other (Update as a comment after approval)",,
736,http://mapunitygroups.com//uploads/tmp/1474781814-18628-6257/1474781763539.jpg,"Bin present, people still dump outside",,
737,http://mapunitygroups.com//uploads/tmp/1474782182-18628-2716/1474782129975.jpg,Never gets cleared,,
738,http://mapunitygroups.com//uploads/tmp/1474782276-18628-7189/1474782214520.jpg,Other (Update as a comment after approval),,
739,http://mapunitygroups.com//uploads/tmp/1474782665-18628-9905/1474782606516.jpg,Never gets cleared,,
740,http://mapunitygroups.com//uploads/tmp/1474782800-18628-4116/1474782778386.jpg,BBMP auto/pushcart is parked here,,
741,http://mapunitygroups.com//uploads/tmp/1474783174-31954-1299/1474783132719.jpg,Never gets cleared,,
742,http://mapunitygroups.com//uploads/tmp/1474783316-31954-7581/1474783272839.jpg,Never gets cleared,,
743,http://mapunitygroups.com//uploads/tmp/1474783494-18628-2864/1474783446150.jpg,Garbage is burnt here regularly,,
744,http://mapunitygroups.com//uploads/tmp/1474783726-18628-4786/1474783646880.jpg,"Gets cleared but comes back, Other (Update as a comment after approval)",,
745,http://mapunitygroups.com//uploads/tmp/1474784155-18628-2013/1474784099408.jpg,Never gets cleared,,
746,http://mapunitygroups.com//uploads/tmp/1474784292-18628-1836/1474784245037.jpg,Never gets cleared,,
747,http://mapunitygroups.com//uploads/tmp/1474784814-18628-9078/IMG_20160423_110113.jpg,"It's a lorry transfer point, BBMP/ sweepers dump waste here, Gets cleared but comes back, BBMP auto/pushcart is parked here",,
748,http://mapunitygroups.com//uploads/tmp/1474784840-18628-3743/1474784785274.jpg,Never gets cleared,,
749,http://mapunitygroups.com//uploads/tmp/1474788116-18628-6129/Image_of_the_blackspot.jpg,Bbmp/ Sweepers Dump Waste Here,,
750,http://mapunitygroups.com//uploads/tmp/1474788237-18628-7825/Image_of_the_blackspot.jpg,Bbmp/ Sweepers Dump Waste Here,,
751,http://mapunitygroups.com//uploads/tmp/1474788296-18628-1495/Image_of_the_blackspot.jpg,Bbmp/ Sweepers Dump Waste Here,,
752,http://mapunitygroups.com//uploads/tmp/1474788398-18628-6273/Image_of_the_blackspot.jpg,"Bbmp/ Sweepers Dump Waste Here, Bbmp Auto/Pushcart Is Parked Here",,
753,http://mapunitygroups.com//uploads/tmp/1474788797-18628-1681/Image_of_the_blackspot.jpg,"Bin Present, People Still Dump Outside",,
754,http://mapunitygroups.com//uploads/tmp/1474788899-18628-6731/Image_of_the_blackspot.jpg,Gets Cleared But Comes Back,,
755,http://mapunitygroups.com//uploads/tmp/1474789011-18628-1515/Image_of_the_blackspot.jpg,Never Gets Cleared,,
756,http://mapunitygroups.com//uploads/tmp/1474789123-18628-7492/Image_of_the_blackspot.jpg,Never Gets Cleared,,
757,http://mapunitygroups.com//uploads/tmp/1474789232-18628-2432/Image_of_the_blackspot.jpg,Never Gets Cleared,,
758,http://mapunitygroups.com//uploads/tmp/1474789344-18628-1158/Image_of_the_blackspot.jpg,"Bin Present, People Still Dump Outside, Bbmp/ Sweepers Dump Waste Here, Never Gets Cleared",,
759,http://mapunitygroups.com//uploads/tmp/1474789473-18628-8263/Image_of_the_blackspot.jpg,Never Gets Cleared,,
760,http://mapunitygroups.com//uploads/tmp/1474789550-18628-4366/Image_of_the_blackspot.jpg,Gets Cleared But Comes Back,,
761,http://mapunitygroups.com//uploads/tmp/1474789651-18628-9966/Image_of_the_blackspot.jpg,Never Gets Cleared,,
762,http://mapunitygroups.com//uploads/tmp/1474798285-18628-9451/Image_of_the_blackspot.jpg,"Bbmp/ Sweepers Dump Waste Here, Garbage Is Burnt Here Regularly, Gets Cleared But Comes Back",,
763,http://mapunitygroups.com//uploads/tmp/1474807139-18628-1292/1474807074367.jpg,"Gets cleared but comes back, This is mainly leaf litter",,
764,http://mapunitygroups.com//uploads/tmp/1474807249-18628-6316/1474807191959.jpg,Gets cleared but comes back,,
765,http://mapunitygroups.com//uploads/tmp/1474849939-18628-8893/Image_of_the_blackspot.jpg,"Garbage Is Burnt Here Regularly, Never Gets Cleared",,
766,http://mapunitygroups.com//uploads/tmp/1474853993-18628-4218/Image_of_the_blackspot.jpg,Gets Cleared But Comes Back,,
767,http://mapunitygroups.com//uploads/tmp/1474880334-18628-4104/Image_of_the_blackspot.jpg,Bbmp/ Sweepers Dump Waste Here,,
768,http://mapunitygroups.com//uploads/tmp/1474891011-18628-5538/1474890932541.jpg,"BBMP/ sweepers dump waste here, Garbage is burnt here regularly",,
769,http://mapunitygroups.com//uploads/tmp/1474891173-18628-8674/1474891084159.jpg,"BBMP/ sweepers dump waste here, Never gets cleared",,
770,http://mapunitygroups.com//uploads/tmp/1474911968-18628-4058/Image_of_the_blackspot.jpg,Garbage Is Burnt Here Regularly,,
771,http://mapunitygroups.com//uploads/tmp/1474912201-18628-3718/Image_of_the_blackspot.jpg,Gets Cleared But Comes Back,,
772,http://mapunitygroups.com//uploads/tmp/1474912374-18628-2507/Image_of_the_blackspot.jpg,"Garbage Is Burnt Here Regularly, Bbmp/ Sweepers Dump Waste Here, Gets Cleared But Comes Back",,
773,http://mapunitygroups.com//uploads/tmp/1474912891-18628-8017/Image_of_the_blackspot.jpg,Gets Cleared But Comes Back,,
774,http://mapunitygroups.com//uploads/tmp/1474913168-18628-0387/Image_of_the_blackspot.jpg,"Gets Cleared But Comes Back, Bbmp/ Sweepers Dump Waste Here, Other (Update As A Comment After Approval)",,
775,http://mapunitygroups.com//uploads/tmp/1474939823-18628-2085/1474939742323.jpg,"Gets cleared but comes back, Garbage is burnt here regularly, BBMP auto/pushcart is parked here",,
776,http://mapunitygroups.com//uploads/tmp/1474954732-18628-5149/1474954670055.jpg,Gets cleared but comes back,,
777,http://mapunitygroups.com//uploads/tmp/1474959802-18628-8767/1474959745353.jpg,This is mainly leaf litter,,
778,http://mapunitygroups.com//uploads/tmp/1474960812-18628-6685/1474960770747.jpg,This is mainly leaf litter,,
779,http://mapunitygroups.com//uploads/tmp/1474960944-18628-0282/1474960896145.jpg,Never gets cleared,,
780,http://mapunitygroups.com//uploads/tmp/1474961103-18628-3184/1474961013436.jpg,Never gets cleared,,
781,http://mapunitygroups.com//uploads/tmp/1474961668-18628-5959/1474961643768.jpg,Never gets cleared,,
782,http://mapunitygroups.com//uploads/tmp/1474963773-18628-7011/IMG_20160624_131048286.jpg,Gets cleared but comes back,,
783,http://mapunitygroups.com//uploads/tmp/1474988370-18628-1059/Image_of_the_blackspot.jpg,"Gets Cleared But Comes Back, This Is A Ward Boundary Area",,
784,http://mapunitygroups.com//uploads/tmp/1475026499-18628-9892/1475026435168.jpg,"BBMP/ sweepers dump waste here, Never gets cleared",,
785,http://mapunitygroups.com//uploads/tmp/1475037534-18628-8944/Image_of_the_blackspot.jpg,Other (Update As A Comment After Approval),,
786,http://mapunitygroups.com//uploads/tmp/1475037638-18628-9903/Image_of_the_blackspot.jpg,"Other (Update As A Comment After Approval), Never Gets Cleared",,
787,http://mapunitygroups.com//uploads/tmp/1475037737-18628-6378/Image_of_the_blackspot.jpg,Never Gets Cleared,,
788,http://mapunitygroups.com//uploads/tmp/1475038602-18628-8025/Image_of_the_blackspot.jpg,"Never Gets Cleared, Other (Update As A Comment After Approval)",,
789,http://mapunitygroups.com//uploads/tmp/1475038755-18628-2500/Image_of_the_blackspot.jpg,Bbmp Auto/Pushcart Is Parked Here,,
790,http://mapunitygroups.com//uploads/tmp/1475038855-28071-7932/Image_of_the_blackspot.jpg,"Never Gets Cleared, Other (Update As A Comment After Approval)",,
791,http://mapunitygroups.com//uploads/tmp/1475038926-18628-8937/Image_of_the_blackspot.jpg,"This Is Mainly Leaf Litter, Never Gets Cleared",,
792,http://mapunitygroups.com//uploads/tmp/1475038999-18628-3921/Image_of_the_blackspot.jpg,"Bbmp Auto/Pushcart Is Parked Here, Gets Cleared But Comes Back",,
793,http://mapunitygroups.com//uploads/tmp/1475039092-18628-3897/Image_of_the_blackspot.jpg,"Bbmp/ Sweepers Dump Waste Here, Bbmp Auto/Pushcart Is Parked Here",,
794,http://mapunitygroups.com//uploads/tmp/1475039186-18628-8787/Image_of_the_blackspot.jpg,"Gets Cleared But Comes Back, Bin Present, People Still Dump Outside, Bbmp Auto/Pushcart Is Parked Here",,
795,http://mapunitygroups.com//uploads/tmp/1475039276-28071-5602/Image_of_the_blackspot.jpg,"Never Gets Cleared, Other (Update As A Comment After Approval)",,
796,http://mapunitygroups.com//uploads/tmp/1475039372-28071-0368/Image_of_the_blackspot.jpg,"Bbmp Auto/Pushcart Is Parked Here, Never Gets Cleared, Other (Update As A Comment After Approval)",,
797,http://mapunitygroups.com//uploads/tmp/1475039449-28071-9852/Image_of_the_blackspot.jpg,"Bbmp Auto/Pushcart Is Parked Here, Never Gets Cleared",,
798,http://mapunitygroups.com//uploads/tmp/1475039751-18628-2683/Image_of_the_blackspot.jpg,"Bbmp Auto/Pushcart Is Parked Here, Never Gets Cleared",,
799,http://mapunitygroups.com//uploads/tmp/1475039821-18628-9710/Image_of_the_blackspot.jpg,Never Gets Cleared,,
800,http://mapunitygroups.com//uploads/tmp/1475039886-31954-6080/Image_of_the_blackspot.jpg,Never Gets Cleared,,
801,http://mapunitygroups.com//uploads/tmp/1475039964-31954-5708/Image_of_the_blackspot.jpg,"Bbmp Auto/Pushcart Is Parked Here, Gets Cleared But Comes Back",,
802,http://mapunitygroups.com//uploads/tmp/1475040035-28071-3570/Image_of_the_blackspot.jpg,Never Gets Cleared,,
803,http://mapunitygroups.com//uploads/tmp/1475941581-8252-9600/BLANK.jpeg,"Garbage is burnt here regularly, Never gets cleared",,
804,http://mapunitygroups.com//uploads/tmp/1475941638-8252-8958/BLANK.jpeg,"Bin present, people still dump outside, Other (Update as a comment after approval)",,
805,http://mapunitygroups.com//uploads/tmp/1475941682-8252-1146/BLANK.jpeg,Never gets cleared,,
806,http://mapunitygroups.com//uploads/tmp/1475146485-15714-1115/1475146420197.jpg,"BBMP/ sweepers dump waste here, Garbage is burnt here regularly, Never gets cleared",,
807,http://mapunitygroups.com//uploads/tmp/1475147930-18139-9563/Image_of_the_blackspot.jpg,Gets Cleared But Comes Back,,
808,http://mapunitygroups.com//uploads/tmp/1475148152-15714-3223/Image_of_the_blackspot.jpg,"Gets Cleared But Comes Back, This Is A Ward Boundary Area",,
809,http://mapunitygroups.com//uploads/tmp/1475148249-15714-0780/Image_of_the_blackspot.jpg,"Gets Cleared But Comes Back, This Is A Ward Boundary Area",,
810,http://mapunitygroups.com//uploads/tmp/1475148381-15714-0332/Image_of_the_blackspot.jpg,"Gets Cleared But Comes Back, This Is A Ward Boundary Area",,
811,http://mapunitygroups.com//uploads/tmp/1475148687-15714-7945/Image_of_the_blackspot.jpg,Gets Cleared But Comes Back,,
812,http://mapunitygroups.com//uploads/tmp/1475148859-15714-3823/Image_of_the_blackspot.jpg,Gets Cleared But Comes Back,,
813,http://mapunitygroups.com//uploads/tmp/1475149942-15714-0498/Image_of_the_blackspot.jpg,Gets Cleared But Comes Back,,
814,http://mapunitygroups.com//uploads/tmp/1475149982-24516-2731/Image_of_the_blackspot.jpg,Gets Cleared But Comes Back,,
815,http://mapunitygroups.com//uploads/tmp/1475150024-15714-3774/Image_of_the_blackspot.jpg,Gets Cleared But Comes Back,,
816,http://mapunitygroups.com//uploads/tmp/1475150100-15714-9558/Image_of_the_blackspot.jpg,Never Gets Cleared,,
817,http://mapunitygroups.com//uploads/tmp/1475150204-15714-9278/Image_of_the_blackspot.jpg,Gets Cleared But Comes Back,,
818,http://mapunitygroups.com//uploads/tmp/1475150290-15714-2618/Image_of_the_blackspot.jpg,Gets Cleared But Comes Back,,
819,http://mapunitygroups.com//uploads/tmp/1475150480-15714-4801/Image_of_the_blackspot.jpg,"Gets Cleared But Comes Back, This Is A Ward Boundary Area",,
820,http://mapunitygroups.com//uploads/tmp/1475150540-15714-9367/Image_of_the_blackspot.jpg,"Gets Cleared But Comes Back, This Is A Ward Boundary Area",,
821,http://mapunitygroups.com//uploads/tmp/1475150618-15714-4475/Image_of_the_blackspot.jpg,"Never Gets Cleared, This Is A Ward Boundary Area",,
822,http://mapunitygroups.com//uploads/tmp/1475150684-25820-3914/Image_of_the_blackspot.jpg,Gets Cleared But Comes Back,,
823,http://mapunitygroups.com//uploads/tmp/1475150853-25692-0449/Image_of_the_blackspot.jpg,Gets Cleared But Comes Back,,
824,http://mapunitygroups.com//uploads/tmp/1475150919-25692-0005/Image_of_the_blackspot.jpg,"This Is A Ward Boundary Area, Gets Cleared But Comes Back",,
825,http://mapunitygroups.com//uploads/tmp/1475150976-15714-7792/Image_of_the_blackspot.jpg,"This Is A Ward Boundary Area, Never Gets Cleared",,
826,http://mapunitygroups.com//uploads/tmp/1475151029-15714-4538/Image_of_the_blackspot.jpg,"Gets Cleared But Comes Back, This Is A Ward Boundary Area",,
827,http://mapunitygroups.com//uploads/tmp/1475156775-15714-8758/Image_of_the_blackspot.jpg,Gets Cleared But Comes Back,,
828,http://mapunitygroups.com//uploads/tmp/1475156844-15714-2682/Image_of_the_blackspot.jpg,Gets Cleared But Comes Back,,
829,http://mapunitygroups.com//uploads/tmp/1475156955-15714-2427/Image_of_the_blackspot.jpg,Never Gets Cleared,,
830,http://mapunitygroups.com//uploads/tmp/1475157035-15714-0321/Image_of_the_blackspot.jpg,Gets Cleared But Comes Back,,
831,http://mapunitygroups.com//uploads/tmp/1475157113-15714-0241/Image_of_the_blackspot.jpg,Gets Cleared But Comes Back,,
832,http://mapunitygroups.com//uploads/tmp/1475157193-15714-3266/Image_of_the_blackspot.jpg,"Gets Cleared But Comes Back, This Is A Ward Boundary Area",,
833,http://mapunitygroups.com//uploads/tmp/1475157276-32754-3999/Image_of_the_blackspot.jpg,"This Is A Ward Boundary Area, Never Gets Cleared",,
834,http://mapunitygroups.com//uploads/tmp/1475157474-15714-6537/Image_of_the_blackspot.jpg,Gets Cleared But Comes Back,,
835,http://mapunitygroups.com//uploads/tmp/1475157562-15714-3558/Image_of_the_blackspot.jpg,Never Gets Cleared,,
836,http://mapunitygroups.com//uploads/tmp/1475157656-15714-8001/Image_of_the_blackspot.jpg,Never Gets Cleared,,
837,http://mapunitygroups.com//uploads/tmp/1475157778-15714-0227/Image_of_the_blackspot.jpg,Gets Cleared But Comes Back,,
838,http://mapunitygroups.com//uploads/tmp/1475157854-15714-3393/Image_of_the_blackspot.jpg,Gets Cleared But Comes Back,,
839,http://mapunitygroups.com//uploads/tmp/1475157940-15714-8885/Image_of_the_blackspot.jpg,Never Gets Cleared,,
840,http://mapunitygroups.com//uploads/tmp/1475158062-15714-4325/Image_of_the_blackspot.jpg,"Gets Cleared But Comes Back, This Is A Ward Boundary Area",,
841,http://mapunitygroups.com//uploads/tmp/1475158190-15714-9131/Image_of_the_blackspot.jpg,Gets Cleared But Comes Back,,
842,http://mapunitygroups.com//uploads/tmp/1475158266-15714-3745/Image_of_the_blackspot.jpg,Gets Cleared But Comes Back,,
843,http://mapunitygroups.com//uploads/tmp/1475166457-15714-9448/Image_of_the_blackspot.jpg,"Gets Cleared But Comes Back, This Is A Ward Boundary Area",,
844,http://mapunitygroups.com//uploads/tmp/1475166559-15714-7123/Image_of_the_blackspot.jpg,"Gets Cleared But Comes Back, This Is A Ward Boundary Area",,
845,http://mapunitygroups.com//uploads/tmp/1475166698-15714-0450/Image_of_the_blackspot.jpg,"Gets Cleared But Comes Back, This Is A Ward Boundary Area",,
846,http://mapunitygroups.com//uploads/tmp/1475167386-15714-7374/Image_of_the_blackspot.jpg,"Gets Cleared But Comes Back, Garbage Is Burnt Here Regularly, This Is A Ward Boundary Area",,
847,http://mapunitygroups.com//uploads/tmp/1475167518-15714-7683/Image_of_the_blackspot.jpg,"Gets Cleared But Comes Back, It's A Lorry Transfer Point, This Is A Ward Boundary Area, Bbmp Auto/Pushcart Is Parked Here",,
848,http://mapunitygroups.com//uploads/tmp/1475167723-10230-1658/Image_of_the_blackspot.jpg,"This Is A Ward Boundary Area, This Is Mainly Leaf Litter, Never Gets Cleared",,
849,http://mapunitygroups.com//uploads/tmp/1475167840-15714-9449/Image_of_the_blackspot.jpg,Gets Cleared But Comes Back,,
850,http://mapunitygroups.com//uploads/tmp/1475167980-10230-7192/Image_of_the_blackspot.jpg,Gets Cleared But Comes Back,,
851,http://mapunitygroups.com//uploads/tmp/1475235159-32447-0984/Image_of_the_blackspot.jpg,"Gets Cleared But Comes Back, This Is A Ward Boundary Area",,
852,http://mapunitygroups.com//uploads/tmp/1475235296-15714-4503/Image_of_the_blackspot.jpg,"Gets Cleared But Comes Back, This Is A Ward Boundary Area",,
853,http://mapunitygroups.com//uploads/tmp/1475235403-15714-8287/Image_of_the_blackspot.jpg,"This Is A Ward Boundary Area, Never Gets Cleared",,
854,http://mapunitygroups.com//uploads/tmp/1475235489-15714-6120/Image_of_the_blackspot.jpg,"Gets Cleared But Comes Back, This Is A Ward Boundary Area",,
855,http://mapunitygroups.com//uploads/tmp/1475235721-15714-9231/Image_of_the_blackspot.jpg,"It's a lorry transfer point, Gets cleared but comes back, This is a ward boundary area",,
856,http://mapunitygroups.com//uploads/tmp/1475235761-15714-4337/Image_of_the_blackspot.jpg,"Gets Cleared But Comes Back, This Is A Ward Boundary Area",,
857,http://mapunitygroups.com//uploads/tmp/1475235821-15714-0918/Image_of_the_blackspot.jpg,"This Is A Ward Boundary Area, Never Gets Cleared",,
858,http://mapunitygroups.com//uploads/tmp/1475235940-15714-5279/Image_of_the_blackspot.jpg,"This Is A Ward Boundary Area, Never Gets Cleared",,
859,http://mapunitygroups.com//uploads/tmp/1475236021-15714-4326/Image_of_the_blackspot.jpg,"This Is A Ward Boundary Area, Gets Cleared But Comes Back",,
860,http://mapunitygroups.com//uploads/tmp/1475236102-15714-8236/Image_of_the_blackspot.jpg,"Gets Cleared But Comes Back, This Is A Ward Boundary Area",,
861,http://mapunitygroups.com//uploads/tmp/1475236164-15714-5657/Image_of_the_blackspot.jpg,"This Is A Ward Boundary Area, Never Gets Cleared",,
862,http://mapunitygroups.com//uploads/tmp/1475236304-15714-5334/Image_of_the_blackspot.jpg,"This Is A Ward Boundary Area, Never Gets Cleared",,
863,http://mapunitygroups.com//uploads/tmp/1475236393-15714-8262/Image_of_the_blackspot.jpg,"This Is A Ward Boundary Area, Never Gets Cleared",,
864,http://mapunitygroups.com//uploads/tmp/1475236516-15714-3385/Image_of_the_blackspot.jpg,"This Is A Ward Boundary Area, Never Gets Cleared",,
865,http://mapunitygroups.com//uploads/tmp/1475236634-1991-4859/Image_of_the_blackspot.jpg,"Never Gets Cleared, This Is A Ward Boundary Area",,
866,http://mapunitygroups.com//uploads/tmp/1475236803-15714-5186/Image_of_the_blackspot.jpg,Gets Cleared But Comes Back,,
867,http://mapunitygroups.com//uploads/tmp/1475236864-15714-4264/Image_of_the_blackspot.jpg,Gets Cleared But Comes Back,,
868,http://mapunitygroups.com//uploads/tmp/1475236968-15714-9316/Image_of_the_blackspot.jpg,This Is Mainly Leaf Litter,,
869,http://mapunitygroups.com//uploads/tmp/1475237047-15714-2114/Image_of_the_blackspot.jpg,"Gets Cleared But Comes Back, This Is A Ward Boundary Area",,
870,http://mapunitygroups.com//uploads/tmp/1475237179-15714-9630/Image_of_the_blackspot.jpg,"Gets Cleared But Comes Back, This Is A Ward Boundary Area",,
871,http://mapunitygroups.com//uploads/tmp/1475239495-15714-5246/Image_of_the_blackspot.jpg,"Gets Cleared But Comes Back, This Is A Ward Boundary Area",,
872,http://mapunitygroups.com//uploads/tmp/1475239644-15714-2403/Image_of_the_blackspot.jpg,"Gets Cleared But Comes Back, This Is A Ward Boundary Area",,
873,http://mapunitygroups.com//uploads/tmp/1475239763-15714-2882/Image_of_the_blackspot.jpg,"Gets Cleared But Comes Back, This Is A Ward Boundary Area",,
874,http://mapunitygroups.com//uploads/tmp/1475239843-15714-4949/Image_of_the_blackspot.jpg,Gets Cleared But Comes Back,,
875,http://mapunitygroups.com//uploads/tmp/1475239982-15714-7285/Image_of_the_blackspot.jpg,Gets Cleared But Comes Back,,
876,http://mapunitygroups.com//uploads/tmp/1475240052-15714-9341/Image_of_the_blackspot.jpg,"It's a lorry transfer point, BBMP/ sweepers dump waste here, Gets cleared but comes back, BBMP auto/pushcart is parked here",,
877,http://mapunitygroups.com//uploads/tmp/1475240196-15714-6706/Image_of_the_blackspot.jpg,Gets Cleared But Comes Back,,
878,http://mapunitygroups.com//uploads/tmp/1475240315-15714-5186/Image_of_the_blackspot.jpg,Gets Cleared But Comes Back,,
879,http://mapunitygroups.com//uploads/tmp/1475240395-15714-6984/Image_of_the_blackspot.jpg,"It's A Lorry Transfer Point, Bbmp/ Sweepers Dump Waste Here, Gets Cleared But Comes Back, This Is A Ward Boundary Area, Bbmp Auto/Pushcart Is Parked Here",,
880,http://mapunitygroups.com//uploads/tmp/1475240569-15714-6318/Image_of_the_blackspot.jpg,"This Is A Ward Boundary Area, Never Gets Cleared",,
881,http://mapunitygroups.com//uploads/tmp/1475240636-15714-4113/Image_of_the_blackspot.jpg,"This Is A Ward Boundary Area, Never Gets Cleared",,
882,http://mapunitygroups.com//uploads/tmp/1475240688-15714-2867/Image_of_the_blackspot.jpg,"This Is A Ward Boundary Area, Never Gets Cleared",,
883,http://mapunitygroups.com//uploads/tmp/1475240798-15714-5188/Image_of_the_blackspot.jpg,"This Is A Ward Boundary Area, Never Gets Cleared",,
884,http://mapunitygroups.com//uploads/tmp/1475240856-15714-5909/Image_of_the_blackspot.jpg,"This is a ward boundary area, Never gets cleared",,
885,http://mapunitygroups.com//uploads/tmp/1475241642-15714-5981/Image_of_the_blackspot.jpg,"This Is A Ward Boundary Area, Never Gets Cleared",,
886,http://mapunitygroups.com//uploads/tmp/1475241692-15714-6887/Image_of_the_blackspot.jpg,"Gets Cleared But Comes Back, This Is A Ward Boundary Area",,
887,http://mapunitygroups.com//uploads/tmp/1475241774-15714-9274/Image_of_the_blackspot.jpg,Never Gets Cleared,,
888,http://mapunitygroups.com//uploads/tmp/1475241925-15714-7941/Image_of_the_blackspot.jpg,Never Gets Cleared,,
889,http://mapunitygroups.com//uploads/tmp/1475242031-15714-5850/Image_of_the_blackspot.jpg,"Gets Cleared But Comes Back, This Is A Ward Boundary Area",,
890,http://mapunitygroups.com//uploads/tmp/1475242123-15714-0178/Image_of_the_blackspot.jpg,"This Is A Ward Boundary Area, Never Gets Cleared",,
891,http://mapunitygroups.com//uploads/tmp/1475242171-15714-4639/Image_of_the_blackspot.jpg,"Gets cleared but comes back, This is a ward boundary area",,
892,http://mapunitygroups.com//uploads/tmp/1475242967-15714-7212/Image_of_the_blackspot.jpg,Gets cleared but comes back,,
893,http://mapunitygroups.com//uploads/tmp/1475243034-15714-9970/Image_of_the_blackspot.jpg,Gets cleared but comes back,,
894,http://mapunitygroups.com//uploads/tmp/1475243101-15714-9649/Image_of_the_blackspot.jpg,Gets Cleared But Comes Back,,
895,http://mapunitygroups.com//uploads/tmp/1475243179-15714-3970/Image_of_the_blackspot.jpg,Never Gets Cleared,,
896,http://mapunitygroups.com//uploads/tmp/1475243231-15714-1706/Image_of_the_blackspot.jpg,"This Is A Ward Boundary Area, Never Gets Cleared",,
897,http://mapunitygroups.com//uploads/tmp/1475243334-7889-2068/Image_of_the_blackspot.jpg,Gets Cleared But Comes Back,,
898,http://mapunitygroups.com//uploads/tmp/1475243403-15714-0744/Image_of_the_blackspot.jpg,Never Gets Cleared,,
899,http://mapunitygroups.com//uploads/tmp/1475243492-15714-0578/Image_of_the_blackspot.jpg,"Gets Cleared But Comes Back, This Is A Ward Boundary Area",,
900,http://mapunitygroups.com//uploads/tmp/1475243583-15714-2872/Image_of_the_blackspot.jpg,"This Is A Ward Boundary Area, Never Gets Cleared",,
901,http://mapunitygroups.com//uploads/tmp/1475243646-15714-8572/Image_of_the_blackspot.jpg,"This Is A Ward Boundary Area, Never Gets Cleared",,
902,http://mapunitygroups.com//uploads/tmp/1475244018-15714-2293/Image_of_the_blackspot.jpg,Gets Cleared But Comes Back,,
903,http://mapunitygroups.com//uploads/tmp/1475244086-15714-2305/Image_of_the_blackspot.jpg,Gets Cleared But Comes Back,,
904,http://mapunitygroups.com//uploads/tmp/1475244162-15714-7511/Image_of_the_blackspot.jpg,"Gets Cleared But Comes Back, This Is A Ward Boundary Area",,
905,http://mapunitygroups.com//uploads/tmp/1475244216-15714-3652/Image_of_the_blackspot.jpg,"This Is A Ward Boundary Area, Gets Cleared But Comes Back",,
906,http://mapunitygroups.com//uploads/tmp/1475281208-15714-1457/1475281166516.jpg,Never gets cleared,,
907,http://mapunitygroups.com//uploads/tmp/1475281333-15714-7187/1475281328755.jpg,Other (Update as a comment after approval),,
908,http://mapunitygroups.com//uploads/tmp/1475292286-15714-5866/1475292159529.jpg,"Garbage is burnt here regularly, Never gets cleared",,
909,http://mapunitygroups.com//uploads/tmp/1475310903-15714-4504/Image_of_the_blackspot.jpg,Gets Cleared But Comes Back,,
910,http://mapunitygroups.com//uploads/tmp/1475311003-15714-1902/Image_of_the_blackspot.jpg,Gets Cleared But Comes Back,,
911,http://mapunitygroups.com//uploads/tmp/1475311083-15714-7213/Image_of_the_blackspot.jpg,Gets Cleared But Comes Back,,
912,http://mapunitygroups.com//uploads/tmp/1475311190-15714-3708/Image_of_the_blackspot.jpg,Gets Cleared But Comes Back,,
913,http://mapunitygroups.com//uploads/tmp/1475312476-15714-2531/1475312303901.jpg,"Gets cleared but comes back, Garbage is burnt here regularly, Never gets cleared, Other (Update as a comment after approval)",,
914,http://mapunitygroups.com//uploads/tmp/1475388857-32114-4187/1475388782750.jpg,Never gets cleared,,
915,http://mapunitygroups.com//uploads/tmp/1475389019-32114-3042/1475388971725.jpg,"Never gets cleared, Other (Update as a comment after approval)",,
916,http://mapunitygroups.com//uploads/tmp/1475389542-32114-6544/1475389449496.jpg,Never gets cleared,,
917,http://mapunitygroups.com//uploads/tmp/1475389660-32114-6740/1475389615845.jpg,"Garbage is burnt here regularly, Never gets cleared",,
918,http://mapunitygroups.com//uploads/tmp/1475389788-32114-7917/1475389746495.jpg,"This is mainly leaf litter, Never gets cleared",,
919,http://mapunitygroups.com//uploads/tmp/1475389877-11492-7765/1475389832935.jpg,Never gets cleared,,
920,http://mapunitygroups.com//uploads/tmp/1475389933-32114-9054/1475389897540.jpg,Never gets cleared,,
921,http://mapunitygroups.com//uploads/tmp/1475390017-32114-6380/1475389983028.jpg,Never gets cleared,,
922,http://mapunitygroups.com//uploads/tmp/1475390095-32114-0285/1475390059969.jpg,Never gets cleared,,
923,http://mapunitygroups.com//uploads/tmp/1475390342-32114-0493/1475390308293.jpg,Never gets cleared,,
924,http://mapunitygroups.com//uploads/tmp/1475390577-32114-2343/1475390495290.jpg,"BBMP/ sweepers dump waste here, Never gets cleared",,
925,http://mapunitygroups.com//uploads/tmp/1475390765-32114-7669/1475390723548.jpg,"Never gets cleared, Other (Update as a comment after approval)",,
926,http://mapunitygroups.com//uploads/tmp/1475390880-32114-1636/1475390840857.jpg,Never gets cleared,,
927,http://mapunitygroups.com//uploads/tmp/1475391009-32114-9211/1475390957784.jpg,Never gets cleared,,
928,http://mapunitygroups.com//uploads/tmp/1475391203-32114-4332/1475391058096.jpg,Never gets cleared,,
929,http://mapunitygroups.com//uploads/tmp/1475391261-32114-0063/mapunity_1475391153775,Never gets cleared,,
930,http://mapunitygroups.com//uploads/tmp/1475391656-32114-2745/1475391592604.jpg,Gets cleared but comes back,,
931,http://mapunitygroups.com//uploads/tmp/1475392453-32114-6556/1475392409961.jpg,Gets cleared but comes back,,
932,http://mapunitygroups.com//uploads/tmp/1475392575-32114-0571/1475392530093.jpg,Gets cleared but comes back,,
933,http://mapunitygroups.com//uploads/tmp/1475392672-32114-6635/1475392605304.jpg,"Garbage is burnt here regularly, Never gets cleared",,
934,http://mapunitygroups.com//uploads/tmp/1475401780-32114-3182/Image_of_the_blackspot.jpg,Never Gets Cleared,,
935,http://mapunitygroups.com//uploads/tmp/1475401987-32114-9345/Image_of_the_blackspot.jpg,Gets Cleared But Comes Back,,
936,http://mapunitygroups.com//uploads/tmp/1475402079-32114-7477/Image_of_the_blackspot.jpg,Never Gets Cleared,,
937,http://mapunitygroups.com//uploads/tmp/1475402127-32114-8616/Image_of_the_blackspot.jpg,Never Gets Cleared,,
938,http://mapunitygroups.com//uploads/tmp/1475402197-32114-0779/Image_of_the_blackspot.jpg,Gets Cleared But Comes Back,,
939,http://mapunitygroups.com//uploads/tmp/1475402240-32114-2283/Image_of_the_blackspot.jpg,Never Gets Cleared,,
940,http://mapunitygroups.com//uploads/tmp/1475402452-32114-3618/Image_of_the_blackspot.jpg,Gets Cleared But Comes Back,,
941,http://mapunitygroups.com//uploads/tmp/1475402539-32114-1023/Image_of_the_blackspot.jpg,Gets Cleared But Comes Back,,
942,http://mapunitygroups.com//uploads/tmp/1475403233-32114-5498/Image_of_the_blackspot.jpg,Never Gets Cleared,,
943,http://mapunitygroups.com//uploads/tmp/1475403277-32114-8663/Image_of_the_blackspot.jpg,Gets Cleared But Comes Back,,
944,http://mapunitygroups.com//uploads/tmp/1475403372-32114-0389/Image_of_the_blackspot.jpg,Never Gets Cleared,,
945,http://mapunitygroups.com//uploads/tmp/1475403491-32114-9996/Image_of_the_blackspot.jpg,Never Gets Cleared,,
946,http://mapunitygroups.com//uploads/tmp/1475403572-32114-6819/Image_of_the_blackspot.jpg,Gets Cleared But Comes Back,,
947,http://mapunitygroups.com//uploads/tmp/1475403668-32114-3430/Image_of_the_blackspot.jpg,Gets Cleared But Comes Back,,
948,http://mapunitygroups.com//uploads/tmp/1475403728-32114-3453/Image_of_the_blackspot.jpg,Never Gets Cleared,,
949,http://mapunitygroups.com//uploads/tmp/1475403861-32114-6697/Image_of_the_blackspot.jpg,Never Gets Cleared,,
950,http://mapunitygroups.com//uploads/tmp/1475403960-32114-4677/Image_of_the_blackspot.jpg,Gets Cleared But Comes Back,,
951,http://mapunitygroups.com//uploads/tmp/1475404035-22941-6984/Image_of_the_blackspot.jpg,Gets Cleared But Comes Back,,
952,http://mapunitygroups.com//uploads/tmp/1475404129-32114-9379/Image_of_the_blackspot.jpg,Gets Cleared But Comes Back,,
953,http://mapunitygroups.com//uploads/tmp/1475404177-32114-0772/Image_of_the_blackspot.jpg,Gets Cleared But Comes Back,,
954,http://mapunitygroups.com//uploads/tmp/1475404256-22941-7464/Image_of_the_blackspot.jpg,Never Gets Cleared,,
955,http://mapunitygroups.com//uploads/tmp/1475404323-32114-2050/Image_of_the_blackspot.jpg,Never Gets Cleared,,
956,http://mapunitygroups.com//uploads/tmp/1475404377-32114-8624/Image_of_the_blackspot.jpg,Gets Cleared But Comes Back,,
957,http://mapunitygroups.com//uploads/tmp/1475404426-32114-3359/Image_of_the_blackspot.jpg,Gets Cleared But Comes Back,,
958,http://mapunitygroups.com//uploads/tmp/1475404496-32114-9000/Image_of_the_blackspot.jpg,Gets Cleared But Comes Back,,
959,http://mapunitygroups.com//uploads/tmp/1475404548-32114-8833/Image_of_the_blackspot.jpg,Gets Cleared But Comes Back,,
960,http://mapunitygroups.com//uploads/tmp/1475404593-32114-6774/Image_of_the_blackspot.jpg,Never Gets Cleared,,
961,http://mapunitygroups.com//uploads/tmp/1475404667-32114-4167/Image_of_the_blackspot.jpg,Gets Cleared But Comes Back,,
962,http://mapunitygroups.com//uploads/tmp/1475404732-32114-3241/Image_of_the_blackspot.jpg,Never Gets Cleared,,
963,http://mapunitygroups.com//uploads/tmp/1475406053-32114-6389/Image_of_the_blackspot.jpg,Gets Cleared But Comes Back,,
964,http://mapunitygroups.com//uploads/tmp/1475406118-32114-7865/Image_of_the_blackspot.jpg,Never Gets Cleared,,
965,http://mapunitygroups.com//uploads/tmp/1475406175-32114-6148/Image_of_the_blackspot.jpg,Gets Cleared But Comes Back,,
966,http://mapunitygroups.com//uploads/tmp/1475406234-32114-1851/Image_of_the_blackspot.jpg,Never Gets Cleared,,
967,http://mapunitygroups.com//uploads/tmp/1475406324-32114-5271/Image_of_the_blackspot.jpg,Never Gets Cleared,,
968,http://mapunitygroups.com//uploads/tmp/1475406383-32114-5170/Image_of_the_blackspot.jpg,Gets Cleared But Comes Back,,
969,http://mapunitygroups.com//uploads/tmp/1475406461-32114-4640/Image_of_the_blackspot.jpg,Gets Cleared But Comes Back,,
970,http://mapunitygroups.com//uploads/tmp/1475406532-32114-6428/Image_of_the_blackspot.jpg,Gets Cleared But Comes Back,,
971,http://mapunitygroups.com//uploads/tmp/1475406623-32114-6932/Image_of_the_blackspot.jpg,Gets Cleared But Comes Back,,
972,http://mapunitygroups.com//uploads/tmp/1475406678-24856-9030/Image_of_the_blackspot.jpg,Gets Cleared But Comes Back,,
973,http://mapunitygroups.com//uploads/tmp/1475406782-32114-6790/Image_of_the_blackspot.jpg,"Gets Cleared But Comes Back, Garbage Is Burnt Here Regularly",,
974,http://mapunitygroups.com//uploads/tmp/1475406858-32114-8942/Image_of_the_blackspot.jpg,Never Gets Cleared,,
975,http://mapunitygroups.com//uploads/tmp/1475406918-32114-2379/Image_of_the_blackspot.jpg,Gets Cleared But Comes Back,,
976,http://mapunitygroups.com//uploads/tmp/1475406970-32114-8689/Image_of_the_blackspot.jpg,Gets Cleared But Comes Back,,
977,http://mapunitygroups.com//uploads/tmp/1475407159-32114-8112/Image_of_the_blackspot.jpg,Gets Cleared But Comes Back,,
978,http://mapunitygroups.com//uploads/tmp/1475407226-32114-2154/Image_of_the_blackspot.jpg,Never gets cleared,,
979,http://mapunitygroups.com//uploads/tmp/1475407291-32114-5627/Image_of_the_blackspot.jpg,Gets Cleared But Comes Back,,
980,http://mapunitygroups.com//uploads/tmp/1475407368-32114-8708/Image_of_the_blackspot.jpg,Gets Cleared But Comes Back,,
981,http://mapunitygroups.com//uploads/tmp/1475407413-32114-5033/Image_of_the_blackspot.jpg,Gets Cleared But Comes Back,,
982,http://mapunitygroups.com//uploads/tmp/1475407498-32114-5900/Image_of_the_blackspot.jpg,Gets Cleared But Comes Back,,
983,http://mapunitygroups.com//uploads/tmp/1475407623-32114-0560/Image_of_the_blackspot.jpg,"Bbmp/ Sweepers Dump Waste Here, Gets Cleared But Comes Back",,
984,http://mapunitygroups.com//uploads/tmp/1475407675-32114-7411/Image_of_the_blackspot.jpg,Never Gets Cleared,,
985,http://mapunitygroups.com//uploads/tmp/1475407754-32114-7480/Image_of_the_blackspot.jpg,Never Gets Cleared,,
986,http://mapunitygroups.com//uploads/tmp/1475407809-32114-1586/Image_of_the_blackspot.jpg,Never Gets Cleared,,
987,http://mapunitygroups.com//uploads/tmp/1475407849-32114-9875/Image_of_the_blackspot.jpg,Never Gets Cleared,,
988,http://mapunitygroups.com//uploads/tmp/1475407932-32114-0084/Image_of_the_blackspot.jpg,Never Gets Cleared,,
989,http://mapunitygroups.com//uploads/tmp/1475408015-32114-1187/Image_of_the_blackspot.jpg,Never Gets Cleared,,
990,http://mapunitygroups.com//uploads/tmp/1475408073-32114-0899/Image_of_the_blackspot.jpg,Gets Cleared But Comes Back,,
991,http://mapunitygroups.com//uploads/tmp/1475408145-32114-9549/Image_of_the_blackspot.jpg,Gets Cleared But Comes Back,,
992,http://mapunitygroups.com//uploads/tmp/1475408223-32114-5116/Image_of_the_blackspot.jpg,Gets Cleared But Comes Back,,
993,http://mapunitygroups.com//uploads/tmp/1475408306-32114-1213/Image_of_the_blackspot.jpg,Gets Cleared But Comes Back,,
994,http://mapunitygroups.com//uploads/tmp/1475408366-32114-0795/Image_of_the_blackspot.jpg,Never Gets Cleared,,
995,http://mapunitygroups.com//uploads/tmp/1475408422-32114-1936/Image_of_the_blackspot.jpg,Never Gets Cleared,,
996,http://mapunitygroups.com//uploads/tmp/1475408501-32114-9801/Image_of_the_blackspot.jpg,Gets Cleared But Comes Back,,
997,http://mapunitygroups.com//uploads/tmp/1475408654-32114-1260/Image_of_the_blackspot.jpg,"Bin Present, People Still Dump Outside, Never Gets Cleared",,
998,http://mapunitygroups.com//uploads/tmp/1475408750-32114-0235/Image_of_the_blackspot.jpg,Never Gets Cleared,,
999,http://mapunitygroups.com//uploads/tmp/1475413557-32114-1996/Image_of_the_blackspot.jpg,Never Gets Cleared,,
1000,http://mapunitygroups.com//uploads/tmp/1475413624-32114-1061/Image_of_the_blackspot.jpg,Never Gets Cleared,,
1001,http://mapunitygroups.com//uploads/tmp/1475413673-32114-7053/Image_of_the_blackspot.jpg,Never Gets Cleared,,
1002,http://mapunitygroups.com//uploads/tmp/1475413778-32114-9117/Image_of_the_blackspot.jpg,Gets Cleared But Comes Back,,
1003,http://mapunitygroups.com//uploads/tmp/1475413853-32114-5131/Image_of_the_blackspot.jpg,Never Gets Cleared,,
1004,http://mapunitygroups.com//uploads/tmp/1475413939-32114-1896/Image_of_the_blackspot.jpg,Gets Cleared But Comes Back,,
1005,http://mapunitygroups.com//uploads/tmp/1475413999-32114-3561/Image_of_the_blackspot.jpg,Never Gets Cleared,,
1006,http://mapunitygroups.com//uploads/tmp/1475414096-32114-0309/Image_of_the_blackspot.jpg,Gets Cleared But Comes Back,,
1007,http://mapunitygroups.com//uploads/tmp/1475414175-32114-2121/Image_of_the_blackspot.jpg,Never Gets Cleared,,
1008,http://mapunitygroups.com//uploads/tmp/1475414305-32114-3211/Image_of_the_blackspot.jpg,Never Gets Cleared,,
1009,http://mapunitygroups.com//uploads/tmp/1475414432-32114-6575/Image_of_the_blackspot.jpg,"It's A Lorry Transfer Point, Bbmp/ Sweepers Dump Waste Here, Gets Cleared But Comes Back, Garbage Is Burnt Here Regularly, This Is A Ward Boundary Area",,
1010,http://mapunitygroups.com//uploads/tmp/1475414595-32114-1489/Image_of_the_blackspot.jpg,Never Gets Cleared,,
1011,http://mapunitygroups.com//uploads/tmp/1475414664-32114-4976/Image_of_the_blackspot.jpg,"Never Gets Cleared, This Is A Ward Boundary Area",,
1012,http://mapunitygroups.com//uploads/tmp/1475414782-32114-1461/Image_of_the_blackspot.jpg,"This Is A Ward Boundary Area, Garbage Is Burnt Here Regularly, Never Gets Cleared",,
1013,http://mapunitygroups.com//uploads/tmp/1475414890-32114-5454/Image_of_the_blackspot.jpg,"This Is A Ward Boundary Area, Never Gets Cleared",,
1014,http://mapunitygroups.com//uploads/tmp/1475414936-32114-5427/Image_of_the_blackspot.jpg,"This Is A Ward Boundary Area, Gets Cleared But Comes Back",,
1015,http://mapunitygroups.com//uploads/tmp/1475417004-32114-0371/Image_of_the_blackspot.jpg,"This Is A Ward Boundary Area, Never Gets Cleared",,
1016,http://mapunitygroups.com//uploads/tmp/1475417052-32114-6352/Image_of_the_blackspot.jpg,"Never Gets Cleared, This Is A Ward Boundary Area",,
1017,http://mapunitygroups.com//uploads/tmp/1475417126-32114-6733/Image_of_the_blackspot.jpg,"Never Gets Cleared, This Is A Ward Boundary Area",,
1018,http://mapunitygroups.com//uploads/tmp/1475417199-32114-1959/Image_of_the_blackspot.jpg,"This Is A Ward Boundary Area, Never Gets Cleared",,
1019,http://mapunitygroups.com//uploads/tmp/1475417312-32114-3250/Image_of_the_blackspot.jpg,Gets Cleared But Comes Back,,
1020,http://mapunitygroups.com//uploads/tmp/1475417375-32114-9936/Image_of_the_blackspot.jpg,"This Is A Ward Boundary Area, Gets Cleared But Comes Back",,
1021,http://mapunitygroups.com//uploads/tmp/1475417483-32114-0848/Image_of_the_blackspot.jpg,"Gets Cleared But Comes Back, This Is A Ward Boundary Area",,
1022,http://mapunitygroups.com//uploads/tmp/1475417541-32114-9660/Image_of_the_blackspot.jpg,"This Is A Ward Boundary Area, Never Gets Cleared",,
1023,http://mapunitygroups.com//uploads/tmp/1475417610-32114-5244/Image_of_the_blackspot.jpg,"This Is A Ward Boundary Area, Never Gets Cleared",,
1024,http://mapunitygroups.com//uploads/tmp/1475417734-32114-1541/Image_of_the_blackspot.jpg,Gets Cleared But Comes Back,,
1025,http://mapunitygroups.com//uploads/tmp/1475417828-32114-9475/Image_of_the_blackspot.jpg,"This Is Mainly Leaf Litter, Never Gets Cleared",,
1026,http://mapunitygroups.com//uploads/tmp/1475417904-32114-1840/Image_of_the_blackspot.jpg,Gets Cleared But Comes Back,,
1027,http://mapunitygroups.com//uploads/tmp/1475418081-32114-4392/Image_of_the_blackspot.jpg,Never Gets Cleared,,
1028,http://mapunitygroups.com//uploads/tmp/1475418176-32114-0268/Image_of_the_blackspot.jpg,Gets Cleared But Comes Back,,
1029,http://mapunitygroups.com//uploads/tmp/1475418257-32114-5094/Image_of_the_blackspot.jpg,Never Gets Cleared,,
1030,http://mapunitygroups.com//uploads/tmp/1475418335-32114-3151/Image_of_the_blackspot.jpg,Never Gets Cleared,,
1031,http://mapunitygroups.com//uploads/tmp/1475418503-32114-0451/Image_of_the_blackspot.jpg,Gets Cleared But Comes Back,,
1032,http://mapunitygroups.com//uploads/tmp/1475418594-32114-7840/Image_of_the_blackspot.jpg,Never Gets Cleared,,
1033,http://mapunitygroups.com//uploads/tmp/1475424604-32114-1785/Image_of_the_blackspot.jpg,"Gets Cleared But Comes Back, This Is A Ward Boundary Area",,
1034,http://mapunitygroups.com//uploads/tmp/1475424742-32114-9605/Image_of_the_blackspot.jpg,"Gets Cleared But Comes Back, Garbage Is Burnt Here Regularly, This Is A Ward Boundary Area",,
1035,http://mapunitygroups.com//uploads/tmp/1475424812-32114-6393/Image_of_the_blackspot.jpg,"Gets Cleared But Comes Back, This Is A Ward Boundary Area",,
1036,http://mapunitygroups.com//uploads/tmp/1475424957-32114-6800/Image_of_the_blackspot.jpg,Never Gets Cleared,,
1037,http://mapunitygroups.com//uploads/tmp/1475425078-32114-8093/Image_of_the_blackspot.jpg,Gets Cleared But Comes Back,,
1038,http://mapunitygroups.com//uploads/tmp/1475425145-32114-7466/Image_of_the_blackspot.jpg,Gets Cleared But Comes Back,,
1039,http://mapunitygroups.com//uploads/tmp/1475425246-32114-9814/Image_of_the_blackspot.jpg,Gets Cleared But Comes Back,,
1040,http://mapunitygroups.com//uploads/tmp/1475425246-7000-7077/Image_of_the_blackspot.jpg,Gets Cleared But Comes Back,,
1041,http://mapunitygroups.com//uploads/tmp/1475425326-32114-5548/Image_of_the_blackspot.jpg,"Bbmp/ Sweepers Dump Waste Here, Gets Cleared But Comes Back",,
1042,http://mapunitygroups.com//uploads/tmp/1475425476-32114-6396/Image_of_the_blackspot.jpg,"Bin Present, People Still Dump Outside, Never Gets Cleared",,
1043,http://mapunitygroups.com//uploads/tmp/1475425580-32114-4330/Image_of_the_blackspot.jpg,Never Gets Cleared,,
1044,http://mapunitygroups.com//uploads/tmp/1475425732-32114-8898/Image_of_the_blackspot.jpg,"This Is A Ward Boundary Area, Never Gets Cleared",,
1045,http://mapunitygroups.com//uploads/tmp/1475425831-32114-1235/Image_of_the_blackspot.jpg,Never Gets Cleared,,
1046,http://mapunitygroups.com//uploads/tmp/1475425901-7000-7615/Image_of_the_blackspot.jpg,"It's A Lorry Transfer Point, Bbmp/ Sweepers Dump Waste Here, Bbmp Auto/Pushcart Is Parked Here",,
1047,http://mapunitygroups.com//uploads/tmp/1475426008-32114-5729/Image_of_the_blackspot.jpg,"This Is A Ward Boundary Area, Never Gets Cleared",,
1048,http://mapunitygroups.com//uploads/tmp/1475426065-32114-0517/Image_of_the_blackspot.jpg,"It's A Lorry Transfer Point, Bbmp Auto/Pushcart Is Parked Here",,
1049,http://mapunitygroups.com//uploads/tmp/1475426271-32114-4014/Image_of_the_blackspot.jpg,"It's A Lorry Transfer Point, Bbmp/ Sweepers Dump Waste Here, Gets Cleared But Comes Back",,
1050,http://mapunitygroups.com//uploads/tmp/1475426410-32114-8650/Image_of_the_blackspot.jpg,"It's A Lorry Transfer Point, Gets Cleared But Comes Back, Bbmp/ Sweepers Dump Waste Here, Bbmp Auto/Pushcart Is Parked Here",,
1051,http://mapunitygroups.com//uploads/tmp/1475426559-32114-4620/Image_of_the_blackspot.jpg,"It's A Lorry Transfer Point, Bbmp/ Sweepers Dump Waste Here, Gets Cleared But Comes Back",,
1052,http://mapunitygroups.com//uploads/tmp/1475426711-8400-2786/Image_of_the_blackspot.jpg,Gets Cleared But Comes Back,,
1053,http://mapunitygroups.com//uploads/tmp/1475426787-32114-5549/Image_of_the_blackspot.jpg,Gets Cleared But Comes Back,,
1054,http://mapunitygroups.com//uploads/tmp/1475426787-8475-2117/Image_of_the_blackspot.jpg,Gets Cleared But Comes Back,,
1055,http://mapunitygroups.com//uploads/tmp/1475426866-8400-5864/Image_of_the_blackspot.jpg,"Bbmp/ Sweepers Dump Waste Here, Gets Cleared But Comes Back",,
1056,http://mapunitygroups.com//uploads/tmp/1475495045-29573-9525/Image_of_the_blackspot.jpg,"Gets Cleared But Comes Back, Never Gets Cleared",,
1057,http://mapunitygroups.com//uploads/tmp/1475515211-32115-6862/Image_of_the_blackspot.jpg,Gets Cleared But Comes Back,,
1058,http://mapunitygroups.com//uploads/tmp/1475551887-32115-4180/Image_of_the_blackspot.jpg,"Garbage Is Burnt Here Regularly, Never Gets Cleared, This Is A Ward Boundary Area",,
1059,http://mapunitygroups.com//uploads/tmp/1475551966-32115-0420/Image_of_the_blackspot.jpg,"Bbmp/ Sweepers Dump Waste Here, It's A Lorry Transfer Point, Gets Cleared But Comes Back",,
1060,http://mapunitygroups.com//uploads/tmp/1475552085-32115-0944/Image_of_the_blackspot.jpg,"Never Gets Cleared, This Is A Ward Boundary Area",,
1061,http://mapunitygroups.com//uploads/tmp/1475552146-32115-2415/Image_of_the_blackspot.jpg,"This Is A Ward Boundary Area, Never Gets Cleared",,
1062,http://mapunitygroups.com//uploads/tmp/1475552216-32115-8899/Image_of_the_blackspot.jpg,"This Is A Ward Boundary Area, Never Gets Cleared",,
1063,http://mapunitygroups.com//uploads/tmp/1475552486-32115-3886/Image_of_the_blackspot.jpg,Gets cleared but comes back,,
1064,http://mapunitygroups.com//uploads/tmp/1475552523-32115-4228/Image_of_the_blackspot.jpg,Gets Cleared But Comes Back,,
1065,http://mapunitygroups.com//uploads/tmp/1475553172-32115-9983/Image_of_the_blackspot.jpg,"It's A Lorry Transfer Point, Bbmp/ Sweepers Dump Waste Here, Never Gets Cleared",,
1066,http://mapunitygroups.com//uploads/tmp/1475553276-32115-4202/Image_of_the_blackspot.jpg,Never gets cleared,,
1067,http://mapunitygroups.com//uploads/tmp/1475553329-32115-5522/Image_of_the_blackspot.jpg,Never Gets Cleared,,
1068,http://mapunitygroups.com//uploads/tmp/1475553387-32115-9584/Image_of_the_blackspot.jpg,"It's A Lorry Transfer Point, Gets Cleared But Comes Back",,
1069,http://mapunitygroups.com//uploads/tmp/1475553500-32115-4822/Image_of_the_blackspot.jpg,Never Gets Cleared,,
1070,http://mapunitygroups.com//uploads/tmp/1475553654-32115-1459/Image_of_the_blackspot.jpg,Gets Cleared But Comes Back,,
1071,http://mapunitygroups.com//uploads/tmp/1475553787-32115-8594/Image_of_the_blackspot.jpg,Never Gets Cleared,,
1072,http://mapunitygroups.com//uploads/tmp/1475553855-32115-1694/Image_of_the_blackspot.jpg,Never Gets Cleared,,
1073,http://mapunitygroups.com//uploads/tmp/1475553927-32115-9135/Image_of_the_blackspot.jpg,Gets Cleared But Comes Back,,
1074,http://mapunitygroups.com//uploads/tmp/1475554054-32115-4912/Image_of_the_blackspot.jpg,Gets Cleared But Comes Back,,
1075,http://mapunitygroups.com//uploads/tmp/1475554096-32115-6118/Image_of_the_blackspot.jpg,Never Gets Cleared,,
1076,http://mapunitygroups.com//uploads/tmp/1475554146-32115-4552/Image_of_the_blackspot.jpg,"Bbmp/ Sweepers Dump Waste Here, Gets Cleared But Comes Back",,
1077,http://mapunitygroups.com//uploads/tmp/1475554206-32115-3740/Image_of_the_blackspot.jpg,"It's A Lorry Transfer Point, Bbmp/ Sweepers Dump Waste Here, Gets Cleared But Comes Back, This Is A Ward Boundary Area",,
1078,http://mapunitygroups.com//uploads/tmp/1475572010-32115-9516/Image_of_the_blackspot.jpg,This Is Mainly Leaf Litter,,
1079,http://mapunitygroups.com//uploads/tmp/1475572097-32115-5493/Image_of_the_blackspot.jpg,Never Gets Cleared,,
1080,http://mapunitygroups.com//uploads/tmp/1475572408-32115-7643/Image_of_the_blackspot.jpg,"Never Gets Cleared, Gets Cleared But Comes Back",,
1081,http://mapunitygroups.com//uploads/tmp/1475572678-32115-6908/Image_of_the_blackspot.jpg,Gets Cleared But Comes Back,,
1082,http://mapunitygroups.com//uploads/tmp/1475572838-32115-9224/Image_of_the_blackspot.jpg,Never Gets Cleared,,
1083,http://mapunitygroups.com//uploads/tmp/1475573017-32115-7102/Image_of_the_blackspot.jpg,Other (Update As A Comment After Approval),,
1084,http://mapunitygroups.com//uploads/tmp/1475573130-32115-5001/Image_of_the_blackspot.jpg,Never Gets Cleared,,
1085,http://mapunitygroups.com//uploads/tmp/1475573252-32115-6893/Image_of_the_blackspot.jpg,Gets Cleared But Comes Back,,
1086,http://mapunitygroups.com//uploads/tmp/1475573517-32115-5567/Selection_034.png,Gets cleared but comes back,,
1087,http://mapunitygroups.com//uploads/tmp/1475573549-32115-3464/Image_of_the_blackspot.jpg,Never Gets Cleared,,
1088,http://mapunitygroups.com//uploads/tmp/1475573865-32115-1716/1.jpg,"It's a lorry transfer point, Garbage is burnt here regularly, Never gets cleared",,
1089,http://mapunitygroups.com//uploads/tmp/1475919156-8252-4018/1475919072812.jpg,"Garbage is burnt here regularly, Never gets cleared",,
1092,http://mapunitygroups.com//uploads/tmp/1476361085-10854-9757/1476360911150.jpg,"Gets cleared but comes back, Garbage is burnt here regularly, BBMP/ sweepers dump waste here",,
1093,http://mapunitygroups.com//uploads/tmp/1476681289-4762-5859/Image_of_the_issue.jpg,Never Gets Cleared,,
1095,http://mapunitygroups.com//uploads/tmp/1478020846-11755-0531/1478020611180.jpg,"Gets cleared but comes back, BBMP/ sweepers dump waste here, It's a lorry transfer point",,
1096,http://mapunitygroups.com//uploads/tmp/1478333087-11755-5424/mapunity_1478333018048,Gets cleared but comes back,,
1098,http://mapunitygroups.com//uploads/tmp/1478497222-20138-9210/Image_of_the_issue.jpg,"Gets Cleared But Comes Back, Garbage Is Burnt Here Regularly, This Is A Ward Boundary Area",,
1100,http://mapunitygroups.com//uploads/tmp/1478930734-17708-1279/1478930725548.jpg,"Gets cleared but comes back, Garbage is burnt here regularly",,
1101,pothole_01.jpeg,,,
1102,pothole_02.jpeg,,,
1103,pothole_03.jpeg,,,
1104,pothole_04.jpeg,,,
1105,pothole_05.jpeg,,,
1106,pothole_06.jpeg,,,
1107,pothole_07.jpeg,,,
1108,pothole_08.jpeg,,,
1109,pothole_09.jpeg,,,
1110,pothole_10.jpeg,,,
1111,pothole_100.jfif,,,
1112,pothole_101.jfif,,,
1113,pothole_102.jfif,,,
1114,pothole_103.jfif,,,
1115,pothole_104.jfif,,,
1116,pothole_105.jfif,,,
1117,pothole_106.jfif,,,
1118,pothole_107.jfif,,,
1119,pothole_108.jfif,,,
1120,pothole_109.jfif,,,
1121,pothole_11.jpeg,,,
1122,pothole_110.jfif,,,
1123,pothole_111.jfif,,,
1124,pothole_112.jfif,,,
1125,pothole_113.jfif,,,
1126,pothole_114.jfif,,,
1127,pothole_115.jfif,,,
1128,pothole_116.jfif,,,
1129,pothole_117.jfif,,,
1130,pothole_118.jfif,,,
1131,pothole_119.jfif,,,
1132,pothole_12.jpeg,,,
1133,pothole_120.jfif,,,
1134,pothole_121.jfif,,,
1135,pothole_122.jfif,,,
1136,pothole_123.jfif,,,
1137,pothole_124.jfif,,,
1138,pothole_125.jfif,,,
1139,pothole_126.jfif,,,
1140,pothole_127.jfif,,,
1141,pothole_128.jfif,,,
1142,pothole_129.jfif,,,
1143,pothole_13.jpeg,,,
1144,pothole_130.jfif,,,
1145,pothole_131.jfif,,,
1146,pothole_132.jfif,,,
1147,pothole_133.jfif,,,
1148,pothole_134.jfif,,,
1149,pothole_135.jfif,,,
1150,pothole_136.jfif,,,
1151,pothole_137.jfif,,,
1152,pothole_138.jfif,,,
1153,pothole_139.jfif,,,
1154,pothole_14.jpeg,,,
1155,pothole_140.jfif,,,
1156,pothole_141.jfif,,,
1157,pothole_142.jfif,,,
1158,pothole_143.jfif,,,
1159,pothole_144.jfif,,,
1160,pothole_145.jfif,,,
1161,pothole_146.jfif,,,
1162,pothole_147.jfif,,,
1163,pothole_148.jfif,,,
1164,pothole_149.jfif,,,
1165,pothole_15.jpeg,,,
1166,pothole_150.jfif,,,
1167,pothole_151.jpeg,,,
1168,pothole_152.webp,,,
1169,pothole_153.jfif,,,
1170,pothole_154.jfif,,,
1171,pothole_155.jfif,,,
1172,pothole_156.jfif,,,
1173,pothole_157.jfif,,,
1174,pothole_158.jfif,,,
1175,pothole_159.jfif,,,
1176,pothole_16.jpeg,,,
1177,pothole_160.jfif,,,
1178,pothole_161.jfif,,,
1179,pothole_162.jfif,,,
1180,pothole_163.jfif,,,
1181,pothole_164.jfif,,,
1182,pothole_165.jfif,,,
1183,pothole_166.jfif,,,
1184,pothole_167.jfif,,,
1185,pothole_168.jfif,,,
1186,pothole_169.jfif,,,
1187,pothole_17.jpeg,,,
1188,pothole_170.jfif,,,
1189,pothole_171.jfif,,,
1190,pothole_172.jfif,,,
1191,pothole_173.jfif,,,
1192,pothole_174.jfif,,,
1193,pothole_175.jfif,,,
1194,pothole_176.jfif,,,
1195,pothole_178.jfif,,,
1196,pothole_179.jfif,,,
1197,pothole_18.jpeg,,,
1198,pothole_180.jfif,,,
1199,pothole_181.jfif,,,
1200,pothole_182.jfif,,,
1201,pothole_183.jfif,,,
1202,pothole_184.jfif,,,
1203,pothole_185.jfif,,,
1204,pothole_186.jfif,,,
1205,pothole_187.jfif,,,
1206,pothole_188.jfif,,,
1207,pothole_189.jfif,,,
1208,pothole_19.jpeg,,,
1209,pothole_190.jfif,,,
1210,pothole_191.jfif,,,
1211,pothole_192.jfif,,,
1212,pothole_193.jfif,,,
1213,pothole_194.jfif,,,
1214,pothole_195.jfif,,,
1215,pothole_196.jfif,,,
1216,pothole_197.jfif,,,
1217,pothole_198.jfif,,,
1218,pothole_199.jfif,,,
1219,pothole_20.jpeg,,,
1220,pothole_200.jfif,,,
1221,pothole_201.jfif,,,
1222,pothole_202.jfif,,,
1223,pothole_203.jfif,,,
1224,pothole_204.jfif,,,
1225,pothole_205.jfif,,,
1226,pothole_206.jfif,,,
1227,pothole_207.jfif,,,
1228,pothole_208.jfif,,,
1229,pothole_209.jfif,,,
1230,pothole_21.jpeg,,,
1231,pothole_22.jpeg,,,
1232,pothole_23.jpeg,,,
1233,pothole_24.jpeg,,,
1234,pothole_25.jpeg,,,
1235,pothole_26.jpeg,,,
1236,pothole_27.jpeg,,,
1237,pothole_28.jpeg,,,
1238,pothole_29.jpeg,,,
1239,pothole_30.jpeg,,,
1240,pothole_31.jfif,,,
1241,pothole_32.jpg,,,
1242,pothole_33.jpg,,,
1243,pothole_34.jpg,,,
1244,pothole_35.jpg,,,
1245,pothole_36.jpg,,,
1246,pothole_37.jpg,,,
1247,pothole_38.jpg,,,
1248,pothole_39.jpg,,,
1249,pothole_40.jpg,,,
1250,pothole_41.jpg,,,
1251,pothole_42.jpg,,,
1252,pothole_43.jpg,,,
1253,pothole_44.jpg,,,
1254,pothole_45.jpg,,,
1255,pothole_46.jpg,,,
1256,pothole_47.jpg,,,
1257,pothole_48.jpg,,,
1258,pothole_49.jpg,,,
1259,pothole_50.jpg,,,
1260,pothole_51.jpg,,,
1261,pothole_52.jpg,,,
1262,pothole_53.jpg,,,
1263,pothole_54.jpg,,,
1264,pothole_55.jpg,,,
1265,pothole_56.jpg,,,
1266,pothole_57.jpg,,,
1267,pothole_58.jpg,,,
1268,pothole_59.jpg,,,
1269,pothole_60.jpg,,,
1270,pothole_61.avif,,,
1271,pothole_62.avif,,,
1272,pothole_63.jfif,,,
1273,pothole_64.jfif,,,
1274,pothole_65.jfif,,,
1275,pothole_66.jfif,,,
1276,pothole_67.jfif,,,
1277,pothole_68.jfif,,,
1278,pothole_69.jfif,,,
1279,pothole_70.jfif,,,
1280,pothole_71.jfif,,,
1281,pothole_72.jfif,,,
1282,pothole_73.jfif,,,
1283,pothole_74.jfif,,,
1284,pothole_75.jfif,,,
1285,pothole_76.jfif,,,
1286,pothole_77.jfif,,,
1287,pothole_78.jfif,,,
1288,pothole_79.jfif,,,
1289,pothole_80.jfif,,,
1290,pothole_81.jfif,,,
1291,pothole_82.jfif,,,
1292,pothole_83.jfif,,,
1293,pothole_84.jfif,,,
1294,pothole_85.jfif,,,
1295,pothole_86.jfif,,,
1296,pothole_87.jfif,,,
1297,pothole_88.jfif,,,
1298,pothole_89.jfif,,,
1299,pothole_90.jfif,,,
1300,pothole_91.jfif,,,
1301,pothole_92.jfif,,,
1302,pothole_93.jfif,,,
1303,pothole_94.jfif,,,
1304,pothole_95.jfif,,,
1305,1709693294152.jpg,,,
1306,1709693294162.jpg,,,
1307,1709693294168.jpg,,,
1308,1709693294178.jpg,,,
1309,1709693294364.jpg,,,
1310,1709693294375.jpg,,,
1311,1709693294383.jpg,,,
1312,1709693294390.jpg,,,
1313,1709693388228.jpg,,,
1314,1709693388235.jpg,,,
1315,1709693388242.jpg,,,
1316,1709693388259.jpg,,,
1317,1709693388265.jpg,,,
1318,1709693388274.jpg,,,
1319,1710161617685.jpg,,,
1320,1710161617696.jpg,,,
1321,1710161617704.jpg,,,
1322,1710161617711.jpg,,,
1323,1710161617716.jpg,,,
1324,1710161617721.jpg,,,
1325,1710161617729.jpg,,,
1326,1710161617737.jpg,,,
1327,1710161617748.jpg,,,
1328,1710175965737.jpg,,,
1329,1710175965744.jpg,,,
1330,1710175965751.jpg,,,
1331,1710175965762.jpg,,,
1332,1710175965774.jpg,,,
1333,1710175965786.jpg,,,
1334,1710175965799.jpg,,,
1335,1710175965814.jpg,,,
1336,1710175965828.jpg,,,
1337,1710175965844.jpg,,,
1338,1710175965862.jpg,,,
1339,1710175965876.jpg,,,
1340,1710175965896.jpg,,,
1341,1710175965909.jpg,,,
1342,1710175965927.jpg,,,
1343,1710175965941.jpg,,,
1344,1710175965954.jpg,,,
1345,1710175965977.jpg,,,
1346,1710175965988.jpg,,,
1347,1710175965998.jpg,,,
1348,1710175966006.jpg,,,
1349,1710175966012.jpg,,,
1350,1710175966018.jpg,,,
1351,1710175966024.jpg,,,
1352,1710175966029.jpg,,,
1353,1710175966034.jpg,,,
1354,1710175966226.jpg,,,
1355,20240302_051154.jpg,,,
1356,20240305_190241.jpg,,,
1357,20240305_190254.jpg,,,
1358,20240305_190357.jpg,,,
1359,20240305_190518.jpg,,,
1360,20240305_190702.jpg,,,
1361,20240305_190855.jpg,,,
1362,20240305_190902.jpg,,,
1363,20240305_190911.jpg,,,
1364,20240305_190944.jpg,,,
1365,20240305_191039.jpg,,,
1366,20240305_191048.jpg,,,
1367,20240305_191236.jpg,,,
1368,20240305_191243.jpg,,,
1369,20240305_191251.jpg,,,
1370,20240305_191316.jpg,,,
1371,20240305_191447.jpg,,,
1372,20240305_191551.jpg,,,
1373,20240305_191556.jpg,,,
1374,20240305_191601.jpg,,,
1375,20240305_191641.jpg,,,
1376,20240305_191648.jpg,,,
1377,20240305_191715.jpg,,,
1378,20240305_191721.jpg,,,
1379,20240305_191802.jpg,,,
1380,20240305_191822.jpg,,,
1381,20240305_192124.jpg,,,
1382,20240305_192132.jpg,,,
1383,20240305_192308.jpg,,,
1384,20240305_192316.jpg,,,
1385,20240305_192353.jpg,,,
1386,20240305_192357.jpg,,,
1387,20240305_192404.jpg,,,
1388,20240305_192541.jpg,,,
1389,20240305_192611.jpg,,,
1390,20240305_192613.jpg,,,
1391,20240305_192619.jpg,,,
1392,20240305_192639.jpg,,,
1393,20240305_192648.jpg,,,
1394,20240305_192655.jpg,,,
1395,20240305_192718.jpg,,,
1396,20240305_192722.jpg,,,
1397,20240305_192744.jpg,,,
1398,20240305_192751.jpg,,,
1399,20240305_192757.jpg,,,
1400,20240305_192822.jpg,,,
1401,20240305_192831.jpg,,,
1402,20240305_192839.jpg,,,
1403,20240305_192935.jpg,,,
1404,20240305_192944.jpg,,,
1405,20240305_193053.jpg,,,
1406,20240305_193102.jpg,,,
1407,20240305_193122.jpg,,,
1408,20240305_193127.jpg,,,
1409,20240305_193139.jpg,,,
1410,20240305_193310.jpg,,,
1411,20240305_193316.jpg,,,
1412,20240305_193322.jpg,,,
1413,20240305_193403.jpg,,,
1414,20240305_193413.jpg,,,
1415,20240305_193420.jpg,,,
1416,20240305_193520.jpg,,,
1417,20240305_193535.jpg,,,
1418,20240305_193539.jpg,,,
1419,20240305_193549.jpg,,,
1420,20240305_193619.jpg,,,
1421,20240305_193625.jpg,,,
1422,20240305_193708.jpg,,,
1423,20240305_193714.jpg,,,
1424,20240305_193858.jpg,,,
1425,20240305_193907.jpg,,,
1426,20240309_190209.jpg,,,
1427,20240309_190657.jpg,,,
1428,20240309_190703.jpg,,,
1429,20240309_190751.jpg,,,
1430,20240309_190815.jpg,,,
1431,20240309_190827.jpg,,,
1432,20240309_190943.jpg,,,
1433,20240309_191033.jpg,,,
1434,20240309_191113.jpg,,,
1435,20240309_191156.jpg,,,
1436,20240309_191250.jpg,,,
1437,20240309_191314.jpg,,,
1438,20240309_191546.jpg,,,
1439,20240309_191555.jpg,,,
1440,20240309_191702.jpg,,,
1441,20240309_191705.jpg,,,
1442,20240309_191711.jpg,,,
1443,20240309_191720.jpg,,,
1444,20240309_191838.jpg,,,
1445,20240309_191846.jpg,,,
1446,20240309_191907.jpg,,,
1447,20240309_191915.jpg,,,
1448,20240309_192022.jpg,,,
1449,20240309_192057.jpg,,,
1450,20240309_192108.jpg,,,
1451,20240309_192346.jpg,,,
1452,20240309_192356.jpg,,,
1453,20240309_192408.jpg,,,
1454,20240309_192419.jpg,,,
1455,20240309_192437.jpg,,,
1456,20240309_192443.jpg,,,
1457,20240309_192506.jpg,,,
1458,20240309_192515.jpg,,,
1459,20240309_192523.jpg,,,
1460,20240309_192536.jpg,,,
1461,20240309_192558.jpg,,,
1462,20240309_192710.jpg,,,
1463,20240309_192720.jpg,,,
1464,20240309_192730.jpg,,,
1465,20240309_192738.jpg,,,
1466,20240309_192750.jpg,,,
1467,20240309_192856.jpg,,,
1468,20240309_192945.jpg,,,
1469,20240309_192951.jpg,,,
1470,20240309_193046.jpg,,,
1471,20240309_193111.jpg,,,
1472,20240309_193126.jpg,,,
1473,20240309_193146.jpg,,,
1474,20240309_193159.jpg,,,
1475,20240309_193229.jpg,,,
1476,20240309_193237.jpg,,,
1477,20240309_193338.jpg,,,
1478,20240309_193412.jpg,,,
1479,20240309_193423.jpg,,,
1480,20240309_193521.jpg,,,
1481,20240309_193548.jpg,,,
1482,20240309_193551.jpg,,,
1483,20240309_193623.jpg,,,
1484,20240309_193627.jpg,,,
1485,20240309_193759.jpg,,,
1486,20240309_193958.jpg,,,
1487,20240309_194052.jpg,,,
1488,20240409_185645.jpg,,,
1489,20240409_185653.jpg,,,
1490,20240409_185837.jpg,,,
1491,20240409_185841.jpg,,,
1492,20240409_185848.jpg,,,
1493,20240430_051136.jpg,,,
1494,20240430_051139.jpg,,,
1495,20240430_051238.jpg,,,
1496,20240430_051321.jpg,,,
1497,20240430_051332.jpg,,,
1498,20240430_052020.jpg,,,
1499,20240430_052112.jpg,,,
1500,20240430_052127.jpg,,,
1501,20240430_052134.jpg,,,
1502,fault -2.jpg,,,
1503,fault-1.jpg,,,
1504,fault-2-a.jpg,,,
1505,fault.jpg,,,
1506,IMG-20240228-WA0003.jpg,,,
1507,IMG-20240228-WA0004.jpg,,,
1508,IMG-20240228-WA0005.jpg,,,
1509,IMG-20240228-WA0006.jpg,,,
1510,IMG-20240228-WA0007.jpg,,,
1511,IMG-20240228-WA0008.jpg,,,
1512,IMG-20240228-WA0009.jpg,,,
1513,IMG-20240228-WA0012.jpg,,,
1514,IMG-20240228-WA0013.jpg,,,
1515,IMG-20240228-WA0014.jpg,,,
1516,IMG-20240228-WA0015.jpg,,,
1517,IMG-20240228-WA0016.jpg,,,
1518,IMG-20240301-WA0003.jpg,,,
1519,IMG-20240301-WA0004.jpg,,,
1520,IMG-20240301-WA0005.jpg,,,
1521,IMG-20240301-WA0006.jpg,,,
1522,IMG-20240301-WA0007.jpg,,,
1523,IMG-20240303-WA0066.jpg,,,
1524,IMG-20240303-WA0067.jpg,,,
1525,IMG-20240303-WA0068.jpg,,,
1526,IMG-20240303-WA0069.jpg,,,
1527,IMG-20240303-WA0070.jpg,,,
1528,IMG-20240303-WA0071.jpg,,,
1529,IMG-20240303-WA0072.jpg,,,
1530,IMG-20240303-WA0074.jpg,,,
1531,IMG-20240303-WA0075.jpg,,,
1532,IMG-20240303-WA0076.jpg,,,
1533,IMG-20240303-WA0077.jpg,,,
1534,IMG-20240303-WA0078.jpg,,,
1535,IMG-20240303-WA0079.jpg,,,
1536,IMG-20240303-WA0080.jpg,,,
1537,IMG-20240309-WA0037.jpg,,,
1538,IMG-20240309-WA0038.jpg,,,
1539,IMG-20240309-WA0039.jpg,,,
1540,IMG-20240309-WA0040.jpg,,,
1541,IMG20240307184349.jpg,,,
1542,IMG20240307184611.jpg,,,
1543,IMG20240307184612.jpg,,,
1544,IMG20240307184613.jpg,,,
1545,IMG20240307184614.jpg,,,
1546,IMG20240307184927_01.jpg,,,
1547,IMG20240307184927_03.jpg,,,
1548,IMG20240307184929_01.jpg,,,
1549,IMG20240307203439.jpg,,,
1550,IMG20240307203445.jpg,,,
1551,IMG20240307203446.jpg,,,
1552,IMG20240307203519.jpg,,,
1553,IMG_20240229_183012.jpg,,,
1554,IMG_20240229_221734.jpg,,,
1555,IMG_20240229_221747.jpg,,,
1556,IMG_20240301_063926.jpg,,,
1557,IMG_20240301_063941.jpg,,,
1558,IMG_20240301_065138.jpg,,,
1559,IMG_20240301_065153.jpg,,,
1560,IMG_20240301_065156.jpg,,,
1561,IMG_20240301_065208.jpg,,,
1562,IMG_20240301_065214.jpg,,,
1563,IMG_20240301_065244.jpg,,,
1564,IMG_20240301_065309.jpg,,,
1565,IMG_20240301_065332.jpg,,,
1566,IMG_20240301_065507.jpg,,,
1567,IMG_20240301_065526.jpg,,,
1568,IMG_20240301_065537.jpg,,,
1569,IMG_20240301_065548.jpg,,,
1570,IMG_20240301_065553.jpg,,,
1571,IMG_20240301_065950.jpg,,,
1572,night.png,,,
1573,no_wok.jpg,,,
1574,WhatsApp Image 2024-03-03 at 22.57.07_23f76bd5.jpg,,,
1575,WhatsApp Image 2024-03-05 at 21.23.59_01a0e8fd.jpg,,,
1576,WhatsApp Image 2024-03-05 at 21.24.00_5220789e.jpg,,,
1577,WhatsApp Image 2024-03-05 at 21.24.01_5e6fba50.jpg,,,
1578,WhatsApp Image 2024-03-05 at 21.24.02_7bf51968.jpg,,,
1579,WhatsApp Image 2024-03-05 at 21.24.05_59799d6f.jpg,,,
1580,WhatsApp Image 2024-03-05 at 21.24.05_b6036d11.jpg,,,
1581,WhatsApp Image 2024-03-05 at 21.24.06_d1b41312.jpg,,,
1582,WhatsApp Image 2024-03-05 at 21.24.07_6c0812f6.jpg,,,
1583,WhatsApp Image 2024-03-05 at 21.24.10_1b0de8f2.jpg,,,
1584,WhatsApp Image 2024-03-05 at 21.24.33_65302b3b.jpg,,,
1585,WhatsApp Image 2024-03-05 at 21.24.33_afc1f914.jpg,,,
1586,WhatsApp Image 2024-03-05 at 21.24.33_d57e96a3.jpg,,,
1587,WhatsApp Image 2024-03-06 at 19.21.03_b424bd02.jpg,,,
1588,WhatsApp Image 2024-03-09 at 19.40.49_4cf65645.jpg,,,
1589,WhatsApp Image 2024-03-09 at 20.40.33_0b3247b3.jpg,,,
1590,WhatsApp Image 2024-03-09 at 20.40.35_1771beaf.jpg,,,
1591,WhatsApp Image 2024-03-09 at 20.40.35_42419255.jpg,,,
1592,WhatsApp Image 2024-04-21 at 21.53.06_7c63b1a7.jpg,,,
1593,WhatsApp Image 2024-04-21 at 21.53.06_7c786393.jpg,,,
1594,WhatsApp Image 2024-04-21 at 21.53.06_e16647cd.jpg,,,
1595,WhatsApp Image 2024-04-21 at 21.53.07_4ba610d3.jpg,,,
1596,WhatsApp Image 2024-04-21 at 21.53.07_7a94d992.jpg,,,
1597,WhatsApp Image 2024-04-21 at 21.53.08_2372a343.jpg,,,
1598,WhatsApp Image 2024-04-22 at 22.04.39_48ddff56.jpg,,,
